-- phpMyAdmin SQL Dump
-- version 4.5.4.1deb2ubuntu2
-- http://www.phpmyadmin.net
--
-- Host: localhost
-- Generation Time: Oct 02, 2016 at 01:19 PM
-- Server version: 5.7.13-0ubuntu0.16.04.2
-- PHP Version: 7.0.8-0ubuntu0.16.04.2

SET SQL_MODE = "NO_AUTO_VALUE_ON_ZERO";
SET time_zone = "+00:00";


/*!40101 SET @OLD_CHARACTER_SET_CLIENT=@@CHARACTER_SET_CLIENT */;
/*!40101 SET @OLD_CHARACTER_SET_RESULTS=@@CHARACTER_SET_RESULTS */;
/*!40101 SET @OLD_COLLATION_CONNECTION=@@COLLATION_CONNECTION */;
/*!40101 SET NAMES utf8mb4 */;

--
-- Database: `interrupt`
--

-- --------------------------------------------------------

--
-- Table structure for table `bus_schedule`
--

CREATE TABLE `bus_schedule` (
  `id` int(4) NOT NULL,
  `route_number` varchar(5) NOT NULL,
  `bus_route` varchar(24) NOT NULL,
  `starting_point` varchar(30) NOT NULL,
  `starting_time` varchar(16) NOT NULL,
  `via` varchar(400) NOT NULL
) ENGINE=InnoDB DEFAULT CHARSET=latin1;

--
-- Dumping data for table `bus_schedule`
--

INSERT INTO `bus_schedule` (`id`, `route_number`, `bus_route`, `starting_point`, `starting_time`, `via`) VALUES
(1, '1', 'Tiruvotriyur', 'Vellayanchetty School ', '06:15:00', 'Theradi, Kaladipet, Toll gate,Tondairpet, Royapuram, Beach station, Highcourt, MMC, Dinathanthi, NSK Nagar, Koyambedu Rountana'),
(2, '2', 'TVK Park', 'TVK Park ', '06:45:00', 'TVK Park, Chintamani, Anna Nagar-Rountana, Blue Star, Thirumangalam, Koyambedu Rountana'),
(3, '3', 'Doveton', 'Silverstar Hotel ', '06:25:00', 'Kellys, Kilpauk, Chinthamani, Blue star, Tirumangalam, Koyambedu Rountana, Maduravoyil'),
(4, '3/6', 'TVK Park', 'TVK Park ', '06:45:00', 'Doveton, Chintamani, Anna Nagar-Rountana, Blue Star, 12th Main Road, Tirumangalam signal, Koyambedu Rountana'),
(5, '4', 'Perambur', 'Perambur Rly Stn ', '06:15:00', 'Perambur Bus Stand, Vyasabadi Jeeva, Attu Thotti, Milk Canteen (B&C mill back gate), Otteri, Ayanavaram ESI, Medavakkam Tank, Kellys-Nagappa motors, New Avadi Road, Chinthamani,Anna Nagar - Rountana, Saravana Bhavan Hotel, Blue Star, Thirumangalam Signal, Koyambedu Rountana'),
(6, '7', 'MKB Nagar', 'MKB Nagar ', '06:15:00', 'Moolakadai, TVK Nagar, Agaram, Periyar Nagar, Kolathur, Eratteri, Senthil Nagar, Anna Nagar-West Depot, Koyambedu Rountana'),
(7, '8', 'Valluvar Kottam', 'Anna Statue ', '06:40:00', 'Nungambakkam, Sterlingroad, Chetpet, Taylors Road, Aminjikarai, Arumbakkam, Koyambedu'),
(8, '9', 'Lucas TVS', 'Lucas TVS ', '06:40:00', 'Ambattur, Thirumullaivoyal, Avadi, Ramarathana Theatre, Nazarthpet'),
(9, '10', 'Lucas TVS', 'Lucas TVS ', '06:40:00', 'Ambattur, Thirumullaivoyal, Avadi, Ramarathana Theatre, Nazarthpet'),
(10, '11', 'Lotus Colony', 'Lotus Colony ', '06:45:00', 'K4 Station, Anna Nagar West, Tirumangalam, Koyambedu'),
(11, '11/', 'W.Depot/Wavin', 'W.Depot ', '06:45:00', 'West Depot, 13th Main Road, Thirumangalam Signal, Krishna Nagar, Wavin'),
(12, '12', 'Thirumangalam signal', 'Thirumangalam signal ', '06:45:00', 'Waves, Collector Nagar, Golden Flats, Mugappair West, Velappanchavadi'),
(13, '13', 'Lucas TVS', 'Lucas TVS ', '06:40:00', 'Korattur, Ambattur, Thirumullaivoyal, Avadi, Ramarathana Theatre, Poonamallee, Nazarthpet'),
(14, '14', 'Highcourt', 'Highcourt ', '06:30:00', 'MMC, Dasaprakash, KMC, NSK Nagar, Koyembedu, Maduravoyal, Nerkundram, Vanagaram & Vellappanchavadi'),
(15, '15', 'Tondairpet', 'Apollo Hospital ', '06:20:00', 'Maharani theatre, Mint, Walltax road, Central, Dasaprakash, TaylorsRoad, Aminjikkarai, NSKNagar, Koyambedu'),
(16, '16', 'Ayanavaram', 'Noor Hotel ', '06:35:00', 'ICF, Villivakkam, Nadha muni Theatre, Lucas Bridge, West Depot, Tirumangalam, Golden Flats, Collector Nagar, Wavin, Maduravoyil Bridge'),
(17, '17', 'Moolakadai', 'Moolakadai ', '06:30:00', 'TVK Nagar, Agaram, Periyar Nagar, Kolathur, Retteri, Senthil Nagar, Anna Nagar-West Depot, Koyambedu Rountana'),
(18, '17/', 'Retteri / Korattur', 'Retteri ', '06:45:00', 'Retteri, Senthil Nagar, Lucas TVS, Korattur, Ambattur Telephone exchange, Maduravoyil'),
(19, '20', 'Thirumangalam signal', 'Thirumangalam signal ', '06:45:00', 'Waves (TNEB), Collector Nagar, Golden Flats, Mugappair - 7H bus stop, Nolambur Police Station, Wavin, Velappanchavadi'),
(20, '21', 'Triplicane', 'Gosha Hospital ', '06:20:00', 'Royapetah, Swagath, Ajantha, Lloyds Road, Music Academy, Opel Astra, Alwarpet, SIET, Saidapet, Guindy, Porur'),
(21, '22', 'Mylapore', 'Yellow Pages ', '06:35:00', 'Luz signal, Mylapore Tank, Mandaveli, Kalliappa, Park Sheraton, Kotturpuram, Guindy, Porur'),
(22, '23', 'Santhome', 'Santhome ', '06:35:00', 'Air Tel office, Mandaveli BS, Kalliappa, Hotel Park Sheraton, Kotturpuram, Guindy, Porur'),
(23, '24', 'Mylapore', 'Yellow Pages ', '06:35:00', 'Luz signal, Mylapore Tank, Mandaveli, Kalliappa, Park Sheraton, Kotturpuram, Guindy, Ramapuram, Porur'),
(24, '25', 'Egmore', 'Don Bosco ', '06:30:00', 'Ethiraj College, Safire, DMS, SIET, Saidapet, Little Mount, Guindy, Porur'),
(25, '27', 'Besant Nagar', 'Pillaiyar Koil ', '06:35:00', 'Vannanthurai, Adyar depot, Adyar signal, IIT,Guindy, Porur'),
(26, '28', 'Tiruvanmiyur', 'Tiruvanmiyur - Hotchips ', '06:35:00', 'Jayanthi, Indira Nagar, Adyar, Anna University, Guindy, Porur, Poonamalle'),
(27, '29', 'Velachery', 'SRP Tools ', '06:35:00', 'Taramani, Vijaya Nagar, Guindy, Porur, Poonamalle'),
(28, '30', 'Chrompet', 'MEPZ ', '06:40:00', 'Chrompet, Pallavaram, Pammal, Kundrathur, CIT, SVCE'),
(29, '31', 'Madipakkam', 'Madipakkam B.S ', '06:35:00', 'Oil mill stop, Vanuvampet, St.Thomas mount, Kathipara, Ramapuram, Porur,'),
(30, '32', 'Music Academy', 'Music Academy ', '06:35:00', 'Little mount, Guindy, Ramapuram, Sakthi Nagar, Porur, Iyyappan thangal, Kattupakkam'),
(31, '33', 'Mylapore', 'Yellow Pages ', '06:35:00', 'Luz signal, Mylapore Tank, Mandaveli, Kalliappa, Park Sheraton, Kotturpuram, Guindy, Porur'),
(32, '34', 'Meenambakkam', 'Meenambakkam ', '06:40:00', 'Pallavaram, Krishnanagar, Pammal, Anakaputhur, Kundrathur, CIT'),
(33, '34A', 'Mangadu', 'Mangadu Pattur koot Road ', '07:00:00', 'Mangadu, Kumanan chaavadi, Poonamallee, Nazarathpet (this route will exist only from Tuesday to Friday)'),
(34, '35', 'Saidapet', 'Saidapet ', '06:35:00', 'Little mount, Guindy, Ramapuram, Sakthi Nagar, Porur, Iyyappan thangal, Kattupakkam, Poonamallee'),
(35, '36', 'Medavakkam Koot Road', 'Medavakkam Koot Road ', '06:40:00', 'Medavakkam Koot Road, Camp road, East Tambaram, Kishkintha, Somangalam, SVCE'),
(36, '37', 'Medavakkam', 'Kovilambakkam ', '06:25:00', 'Kovilambakkam, Kilkattalai, Vanuvampettai, Nanganallur,Oil mill stop,Trident, Kathipara Junction, Ramapuram,Mugalivakkam, Sakthi Nagar, Porur, Poonamalee'),
(37, '38', 'Madipakkam', 'Madipakkam ', '06:45:00', 'Oil mill stop, Vanuvampet, St.Thomas mount, Kathipara, Ramapuram, Porur,Kattupakkam, Nazarathpet'),
(38, '39', 'Guduvanchery', 'Maraimalai Nagar ', '06:35:00', 'Guduvanchery, Urapakkam, Vandalur, Perungalathur, Tambaram, MEPZ, Kishkintha, Somanagalam, SVCE'),
(39, '40', 'Aavichi', 'Aavichi School ', '06:50:00', 'Aavichi, Virugambakkam, Valasaravakkam, Porur, Ayyapanthangal, Kattupakkam, Poonamallee Bye pass'),
(40, '41', 'Valluvar Kottam', 'Next to Neel metal processing ', '06:40:00', 'Habibullah Road, Liberty, Kodasmbakkam Power House, Vadapalani, Avichi, Porur'),
(41, '42', 'Ambal Nagar', 'CIPET ', '06:40:00', 'Kasi Theatre,PT Rajan Road ,Pondicherry Guest House, Avichi,Virugambakkam, Porur'),
(42, '43', 'Ashok Pillar', 'Ashok Pillar ', '06:50:00', 'Ashok Pillar, Ayyapan koil, Pandicherry Guest House, Aavichi, Virugambakkam,Valasaravakkam, Porur'),
(43, '44', 'T. Nagar', 'Nagesh Theatre ', '06:35:00', 'Pondy bazaar, Duraisamy Subway, Ayodhya Manadapam, Ashok Pillar, KK Nagar, Avichi, Virugambakkam, Valasaravakakm, Porur'),
(44, '45', 'T. Nagar', 'Krishnaveni Theatre ', '06:40:00', 'CIT Nagar, Ashok Pillar, 100ft Road, Vadapalani, Avichi,Porur'),
(45, '46', 'T. Nagar', 'Nagesh Theatre ', '06:35:00', 'Panagal park, Duraisamy Subway, Ayodhya Manadapam, Ashok Pillar, PT Rajan road, Pondicherry Guest house, Avichi, Virugambakkam, Valasaravakakm, Porur'),
(46, '47', 'T. Nagar', 'Nagesh Theatre ', '06:35:00', 'Pondy bazaar, Duraisamy Subway, Ayodhya Manadapam, Ashok Pillar, KK Nagar, Avichi, Virugambakkam, Valasaravakakm, Porur'),
(47, '48', 'T. Nagar', 'Vani Mahal ', '06:40:00', 'Bazullah Road, Vivek & Co, Mahalingapuram, MLM, Loyola, Metha Nagar, NSK Nagar, Koyambedu'),
(48, '49', 'Ashok Pillar', 'Ashok Pillar ', '06:50:00', 'Ashok Pillar, Ayyapan koil, Pandicherry Guest House, Aavichi, Virugambakkam,Valasaravakkam, Porur'),
(49, '50', 'Vadapalini', 'TCS ', '06:35:00', 'SAF, 100 ft Road, Chinmaya Nagar,Vadapalani, Avichi, Virugambakkam, Valasarawakkam,Porur'),
(50, '51', 'T. Nagar', 'Vani Mahal ', '06:40:00', 'Bazullah Road, Vivek & Co, Mahalingapuram, MLM, Loyola college, Metha Nagar, NSK Nagar, Koyambedu'),
(51, '52', 'Valluvar Kottam', 'Anna Statue ', '06:40:00', 'Habibullah Road, liberty,Kodambakkam Power House, Vadapalani, Porur'),
(52, '53', 'T. Nagar', 'Nagesh Theatre ', '06:35:00', 'Pondy bazaar, Duraisamy Subway, Ayodhya Mandapam, Ashok Pillar, KK Nagar, Avichi, Virugambakkam Kesavarthini, Valasaravakkam, Porur'),
(53, '55', 'Porur', 'Sakthi Nagar ', '07:00:00', 'Porur, Ayyappan thangal, Kattupakkam, Kumanan chavadi, Poonamalle, Nazarthpet'),
(54, '56', 'Kancheepuram', 'Housing Board ', '06:45:00', 'Collector Office, Mettu Street, Moongil Mandapam (Onward) / Rangasamy Kulam (Return), Kancheepuram Main Bus Stand, Sankara Mutt, Kancheepuram New Railway Station, Meenakshi Hospital, Santhavelur'),
(55, '57', 'Kanchipuram', 'Housing Board ', '06:45:00', 'Collector Office, Mettu Street, Moongil Mandapam (Onward) / Rangasamy Kulam (Return), Kancheepuram Main Bus Stand, Sankara Mutt, Kancheepuram New Railway Station, Meenakshi Hospital, Santhavelur'),
(56, '58', 'Kancheepuram', 'Military Road ', '06:35:00', 'Toll gate, Varadharaja perumal koil, Mettu Street, Moongil Mandapam (Onward) / Rangasamy Kulam (Return), Kancheepuram Main Bus Stand, Sankara Mutt, Kancheepuram New Railway Station, Meenakshi Hospital, Santhavelur'),
(57, '60', 'Thiruvallur', 'Pattabiram- Gandhi Nagar ', '06:30:00', 'Jaya College, Thiruninravur Bridge, Veppampattu, Chevvapet, Putlur Koot Road, Thiruvallur Court-petrol bunk, Govt Hospital, Oil Mill, Manavalanagar, Thirumazhisai, SVCE');

-- --------------------------------------------------------

--
-- Table structure for table `events`
--

CREATE TABLE `events` (
  `user_id` int(11) NOT NULL,
  `online_code` tinyint(4) NOT NULL DEFAULT '0',
  `online_hunt` tinyint(4) NOT NULL DEFAULT '0',
  `coding` tinyint(4) NOT NULL DEFAULT '0',
  `myb` tinyint(4) NOT NULL DEFAULT '0',
  `db` tinyint(4) NOT NULL DEFAULT '0',
  `paper` tinyint(4) NOT NULL DEFAULT '0',
  `bombsquad` tinyint(4) NOT NULL DEFAULT '0',
  `datastructure` tinyint(4) NOT NULL DEFAULT '0',
  `dumbc` tinyint(4) NOT NULL DEFAULT '0'
) ENGINE=InnoDB DEFAULT CHARSET=latin1;

--
-- Dumping data for table `events`
--

INSERT INTO `events` (`user_id`, `online_code`, `online_hunt`, `coding`, `myb`, `db`, `paper`, `bombsquad`, `datastructure`, `dumbc`) VALUES
(1, 0, 0, 0, 0, 0, 0, 0, 0, 0),
(2, 0, 0, 0, 0, 0, 0, 0, 0, 0),
(3, 0, 0, 0, 0, 0, 0, 0, 0, 0),
(4, 0, 0, 0, 0, 0, 0, 0, 0, 0),
(5, 1, 0, 1, 1, 1, 1, 1, 0, 1),
(8, 0, 0, 0, 0, 0, 0, 0, 0, 0),
(9, 0, 0, 0, 0, 0, 0, 0, 0, 0),
(10, 0, 0, 0, 0, 0, 0, 0, 0, 0),
(11, 0, 0, 0, 0, 0, 0, 0, 0, 0),
(12, 0, 0, 0, 0, 0, 0, 0, 0, 0),
(13, 0, 0, 0, 0, 0, 0, 0, 0, 0),
(14, 0, 0, 0, 0, 0, 0, 0, 0, 0),
(15, 0, 0, 0, 0, 0, 0, 0, 0, 0),
(16, 0, 0, 0, 0, 0, 0, 0, 0, 0),
(17, 0, 0, 0, 0, 0, 0, 0, 0, 0),
(23, 0, 0, 0, 0, 0, 0, 0, 0, 0),
(26, 0, 0, 0, 0, 0, 0, 0, 0, 0),
(27, 0, 0, 0, 0, 0, 0, 0, 0, 0),
(28, 0, 0, 0, 0, 0, 0, 0, 0, 0),
(29, 0, 0, 0, 0, 0, 0, 0, 0, 0),
(30, 0, 0, 0, 0, 0, 0, 0, 0, 0),
(31, 0, 0, 0, 0, 0, 0, 0, 0, 0),
(32, 0, 0, 0, 0, 0, 0, 0, 0, 0),
(33, 0, 0, 0, 0, 0, 0, 0, 0, 0),
(34, 0, 0, 0, 0, 0, 0, 0, 0, 0),
(35, 0, 0, 0, 0, 0, 0, 0, 0, 0),
(36, 0, 0, 0, 0, 0, 0, 0, 0, 0),
(37, 0, 0, 0, 0, 0, 0, 0, 0, 0),
(38, 0, 0, 0, 0, 0, 0, 0, 0, 0),
(39, 0, 0, 0, 0, 0, 0, 0, 0, 0),
(40, 0, 0, 0, 0, 0, 0, 0, 0, 0),
(41, 0, 0, 0, 0, 0, 0, 0, 0, 0),
(42, 0, 0, 0, 0, 0, 0, 0, 0, 0),
(43, 0, 0, 0, 0, 0, 0, 0, 0, 0),
(44, 0, 0, 0, 0, 0, 0, 0, 0, 0),
(45, 0, 0, 0, 0, 0, 0, 0, 0, 0),
(46, 0, 0, 0, 0, 0, 0, 0, 0, 0),
(47, 0, 0, 0, 0, 0, 0, 0, 0, 0),
(48, 0, 0, 0, 0, 0, 0, 0, 0, 0),
(49, 0, 0, 0, 0, 0, 0, 0, 0, 0),
(50, 0, 0, 0, 0, 0, 0, 0, 0, 0),
(51, 0, 0, 0, 0, 0, 0, 0, 0, 0),
(52, 0, 0, 0, 0, 0, 0, 0, 0, 0),
(53, 0, 0, 0, 0, 0, 0, 0, 0, 0),
(54, 0, 0, 0, 0, 0, 0, 0, 0, 0),
(55, 0, 0, 0, 0, 0, 0, 0, 0, 0),
(56, 0, 0, 0, 0, 0, 0, 0, 0, 0),
(57, 0, 0, 0, 0, 0, 0, 0, 0, 0),
(58, 0, 0, 0, 0, 0, 0, 0, 0, 0),
(59, 0, 0, 0, 0, 0, 0, 0, 0, 0),
(60, 0, 0, 0, 0, 0, 0, 0, 0, 0),
(61, 0, 0, 0, 0, 0, 0, 0, 0, 0),
(62, 0, 0, 0, 0, 0, 0, 0, 0, 0),
(63, 0, 0, 0, 0, 0, 0, 0, 0, 0),
(64, 0, 0, 0, 0, 0, 0, 0, 0, 0),
(65, 0, 0, 0, 0, 0, 0, 0, 0, 0),
(66, 0, 0, 0, 0, 0, 0, 0, 0, 0),
(67, 0, 0, 0, 0, 0, 0, 0, 0, 0),
(68, 0, 0, 0, 0, 0, 0, 0, 0, 0),
(69, 0, 0, 0, 0, 0, 0, 0, 0, 0),
(70, 0, 0, 0, 0, 0, 0, 0, 0, 0),
(71, 0, 0, 0, 0, 0, 0, 0, 0, 0),
(72, 0, 0, 0, 0, 0, 0, 0, 0, 0),
(73, 0, 0, 0, 0, 0, 0, 0, 0, 0),
(74, 0, 0, 0, 0, 0, 0, 0, 0, 0),
(75, 0, 0, 0, 0, 0, 0, 0, 0, 0),
(76, 0, 0, 0, 0, 0, 0, 0, 0, 0),
(77, 0, 0, 0, 0, 0, 0, 0, 0, 0),
(78, 0, 0, 0, 0, 0, 0, 0, 0, 0),
(79, 0, 0, 0, 0, 0, 0, 0, 0, 0),
(80, 0, 0, 0, 0, 0, 0, 0, 0, 0),
(81, 0, 0, 0, 0, 0, 0, 0, 0, 0),
(82, 0, 0, 0, 0, 0, 0, 0, 0, 0),
(83, 0, 0, 0, 0, 0, 0, 0, 0, 0),
(84, 0, 0, 0, 0, 0, 0, 0, 0, 0),
(85, 0, 0, 0, 0, 0, 0, 0, 0, 0),
(86, 0, 0, 0, 0, 0, 0, 0, 0, 0),
(87, 0, 0, 0, 0, 0, 0, 0, 0, 0),
(88, 0, 0, 0, 0, 0, 0, 0, 0, 0),
(89, 0, 0, 0, 0, 0, 0, 0, 0, 0),
(90, 0, 0, 0, 0, 0, 0, 0, 0, 0),
(92, 0, 0, 0, 0, 0, 0, 0, 0, 0),
(93, 0, 0, 0, 0, 0, 0, 0, 0, 0),
(94, 0, 0, 0, 0, 0, 0, 0, 0, 0),
(95, 0, 0, 0, 0, 0, 0, 0, 0, 0),
(96, 0, 0, 0, 0, 0, 0, 0, 0, 0),
(97, 0, 0, 0, 0, 0, 0, 0, 0, 0),
(99, 0, 0, 0, 0, 0, 0, 0, 0, 0),
(100, 0, 0, 0, 0, 0, 0, 0, 0, 0),
(101, 0, 0, 0, 0, 0, 0, 0, 0, 0),
(102, 0, 0, 0, 0, 0, 0, 0, 0, 0),
(103, 0, 0, 0, 0, 0, 0, 0, 0, 0),
(104, 0, 0, 0, 0, 0, 0, 0, 0, 0),
(105, 0, 0, 0, 0, 0, 0, 0, 0, 0),
(106, 0, 0, 0, 0, 0, 0, 0, 0, 0),
(107, 0, 0, 0, 0, 0, 0, 0, 0, 0),
(108, 0, 0, 0, 0, 0, 0, 0, 0, 0),
(109, 0, 0, 0, 0, 0, 0, 0, 0, 0),
(111, 0, 0, 0, 0, 0, 0, 0, 0, 0),
(112, 0, 0, 0, 0, 0, 0, 0, 0, 0),
(113, 0, 0, 0, 0, 0, 0, 0, 0, 0),
(114, 0, 0, 0, 0, 0, 0, 0, 0, 0),
(115, 0, 0, 0, 0, 0, 0, 0, 0, 0),
(116, 0, 0, 0, 0, 0, 0, 0, 0, 0),
(117, 0, 0, 0, 0, 0, 0, 0, 0, 0),
(118, 0, 0, 0, 0, 0, 0, 0, 0, 0),
(119, 0, 0, 0, 0, 0, 0, 0, 0, 0),
(120, 0, 0, 0, 0, 0, 0, 0, 0, 0),
(121, 0, 0, 0, 0, 0, 0, 0, 0, 0),
(122, 0, 0, 0, 0, 0, 0, 0, 0, 0),
(123, 0, 0, 0, 0, 0, 0, 0, 0, 0),
(124, 0, 0, 0, 0, 0, 0, 0, 0, 0),
(125, 0, 0, 0, 0, 0, 0, 0, 0, 0),
(126, 0, 0, 0, 0, 0, 0, 0, 0, 0),
(127, 0, 0, 0, 0, 0, 0, 0, 0, 0),
(128, 0, 0, 0, 0, 0, 0, 0, 0, 0),
(129, 0, 0, 0, 0, 0, 0, 0, 0, 0),
(130, 0, 0, 0, 0, 0, 0, 0, 0, 0),
(131, 0, 0, 0, 0, 0, 0, 0, 0, 0),
(132, 0, 0, 0, 0, 0, 0, 0, 0, 0),
(133, 0, 0, 0, 0, 0, 0, 0, 0, 0),
(134, 0, 0, 0, 0, 0, 0, 0, 0, 0),
(135, 0, 0, 0, 0, 0, 0, 0, 0, 0),
(136, 0, 0, 0, 0, 0, 0, 0, 0, 0),
(137, 0, 0, 0, 0, 0, 0, 0, 0, 0),
(139, 0, 0, 0, 0, 0, 0, 0, 0, 0),
(140, 0, 0, 0, 0, 0, 0, 0, 0, 0),
(141, 0, 0, 0, 0, 0, 0, 0, 0, 0),
(142, 0, 0, 0, 0, 0, 0, 0, 0, 0),
(144, 0, 0, 0, 0, 0, 0, 0, 0, 0),
(145, 0, 0, 0, 0, 0, 0, 0, 0, 0),
(146, 0, 0, 0, 0, 0, 0, 0, 0, 0),
(147, 0, 0, 0, 0, 0, 0, 0, 0, 0),
(148, 0, 0, 0, 0, 0, 0, 0, 0, 0),
(149, 0, 0, 0, 0, 0, 0, 0, 0, 0),
(150, 0, 0, 0, 0, 0, 0, 0, 0, 0),
(151, 0, 0, 0, 0, 0, 0, 0, 0, 0),
(152, 0, 0, 0, 0, 0, 0, 0, 0, 0),
(153, 0, 0, 0, 0, 0, 0, 0, 0, 0),
(154, 0, 0, 0, 0, 0, 0, 0, 0, 0),
(155, 0, 0, 0, 0, 0, 0, 0, 0, 0),
(156, 0, 0, 0, 0, 0, 0, 0, 0, 0),
(157, 0, 0, 0, 0, 0, 0, 0, 0, 0),
(158, 0, 0, 0, 0, 0, 0, 0, 0, 0),
(159, 0, 0, 0, 0, 0, 0, 0, 0, 0),
(160, 0, 0, 0, 0, 0, 0, 0, 0, 0),
(161, 0, 0, 0, 0, 0, 0, 0, 0, 0),
(162, 0, 0, 0, 0, 0, 0, 0, 0, 0),
(163, 0, 0, 0, 0, 0, 0, 0, 0, 0),
(164, 0, 0, 0, 0, 0, 0, 0, 0, 0),
(165, 0, 0, 0, 0, 0, 0, 0, 0, 0),
(166, 0, 0, 0, 0, 0, 0, 0, 0, 0),
(167, 0, 0, 0, 0, 0, 0, 0, 0, 0),
(168, 0, 0, 0, 0, 0, 0, 0, 0, 0),
(169, 0, 0, 0, 0, 0, 0, 0, 0, 0),
(170, 0, 0, 0, 0, 0, 0, 0, 0, 0),
(171, 0, 0, 0, 0, 0, 0, 0, 0, 0),
(172, 0, 0, 0, 0, 0, 0, 0, 0, 0),
(173, 0, 0, 0, 0, 0, 0, 0, 0, 0),
(174, 0, 0, 0, 0, 0, 0, 0, 0, 0),
(175, 0, 0, 0, 0, 0, 0, 0, 0, 0),
(177, 0, 0, 0, 0, 0, 0, 0, 0, 0),
(178, 0, 0, 0, 0, 0, 0, 0, 0, 0),
(179, 0, 0, 0, 0, 0, 0, 0, 0, 0),
(180, 0, 0, 0, 0, 0, 0, 0, 0, 0),
(181, 0, 0, 0, 0, 0, 0, 0, 0, 0),
(182, 0, 0, 0, 0, 0, 0, 0, 0, 0),
(183, 0, 0, 0, 0, 0, 0, 0, 0, 0),
(184, 0, 0, 0, 0, 0, 0, 0, 0, 0),
(186, 0, 0, 0, 0, 0, 0, 0, 0, 0),
(187, 0, 0, 0, 0, 0, 0, 0, 0, 0),
(188, 0, 0, 0, 0, 0, 0, 0, 0, 0),
(189, 0, 0, 0, 0, 0, 0, 0, 0, 0),
(190, 0, 0, 0, 0, 0, 0, 0, 0, 0),
(191, 0, 0, 0, 0, 0, 0, 0, 0, 0),
(192, 0, 0, 0, 0, 0, 0, 0, 0, 0),
(193, 0, 0, 0, 0, 0, 0, 0, 0, 0),
(194, 0, 0, 0, 0, 0, 0, 0, 0, 0),
(195, 0, 0, 0, 0, 0, 0, 0, 0, 0),
(196, 0, 0, 0, 0, 0, 0, 0, 0, 0),
(197, 0, 0, 0, 0, 0, 0, 0, 0, 0),
(198, 0, 0, 0, 0, 0, 0, 0, 0, 0),
(199, 0, 0, 0, 0, 0, 0, 0, 0, 0),
(200, 0, 0, 0, 0, 0, 0, 0, 0, 0),
(201, 0, 0, 0, 0, 0, 0, 0, 0, 0),
(202, 0, 0, 0, 0, 0, 0, 0, 0, 0),
(203, 0, 0, 0, 0, 0, 0, 0, 0, 0),
(204, 0, 0, 0, 0, 0, 0, 0, 0, 0),
(205, 0, 0, 0, 0, 0, 0, 0, 0, 0),
(206, 0, 0, 0, 0, 0, 0, 0, 0, 0),
(207, 0, 0, 0, 0, 0, 0, 0, 0, 0),
(208, 0, 0, 0, 0, 0, 0, 0, 0, 0),
(209, 0, 0, 0, 0, 0, 0, 0, 0, 0),
(210, 0, 0, 0, 0, 0, 0, 0, 0, 0),
(211, 0, 0, 0, 0, 0, 0, 0, 0, 0),
(212, 0, 0, 0, 0, 0, 0, 0, 0, 0),
(213, 0, 0, 0, 0, 0, 0, 0, 0, 0),
(214, 0, 0, 0, 0, 0, 0, 0, 0, 0),
(216, 0, 0, 0, 0, 0, 0, 0, 0, 0),
(218, 0, 0, 0, 0, 0, 0, 0, 0, 0),
(220, 0, 0, 0, 0, 0, 0, 0, 0, 0),
(221, 0, 0, 0, 0, 0, 0, 0, 0, 0),
(222, 0, 0, 0, 0, 0, 0, 0, 0, 0),
(223, 0, 0, 0, 0, 0, 0, 0, 0, 0),
(225, 0, 0, 0, 0, 0, 0, 0, 0, 0),
(226, 0, 0, 0, 0, 0, 0, 0, 0, 0),
(227, 0, 0, 0, 0, 0, 0, 0, 0, 0),
(228, 0, 0, 0, 0, 0, 0, 0, 0, 0),
(229, 0, 0, 0, 0, 0, 0, 0, 0, 0),
(230, 0, 0, 0, 0, 0, 0, 0, 0, 0),
(231, 0, 0, 0, 0, 0, 0, 0, 0, 0),
(232, 0, 0, 0, 0, 0, 0, 0, 0, 0),
(233, 0, 0, 0, 0, 0, 0, 0, 0, 0),
(234, 0, 0, 0, 0, 0, 0, 0, 0, 0),
(235, 0, 0, 0, 0, 0, 0, 0, 0, 0),
(236, 0, 0, 0, 0, 0, 0, 0, 0, 0),
(237, 0, 0, 0, 0, 0, 0, 0, 0, 0),
(239, 0, 0, 0, 0, 0, 0, 0, 0, 0),
(240, 0, 0, 0, 0, 0, 0, 0, 0, 0),
(241, 0, 0, 0, 0, 0, 0, 0, 0, 0),
(242, 0, 0, 0, 0, 0, 0, 0, 0, 0),
(243, 0, 0, 0, 0, 0, 0, 0, 0, 0),
(244, 0, 0, 0, 0, 0, 0, 0, 0, 0),
(245, 0, 0, 0, 0, 0, 0, 0, 0, 0),
(246, 0, 0, 0, 0, 0, 0, 0, 0, 0),
(247, 0, 0, 0, 0, 0, 0, 0, 0, 0),
(249, 0, 0, 0, 0, 0, 0, 0, 0, 0),
(250, 0, 0, 0, 0, 0, 0, 0, 0, 0),
(252, 0, 0, 0, 0, 0, 0, 0, 0, 0),
(253, 0, 0, 0, 0, 0, 0, 0, 0, 0),
(254, 0, 0, 0, 0, 0, 0, 0, 0, 0),
(255, 0, 0, 0, 0, 0, 0, 0, 0, 0),
(256, 0, 0, 0, 0, 0, 0, 0, 0, 0),
(257, 0, 0, 0, 0, 0, 0, 0, 0, 0),
(258, 0, 0, 0, 0, 0, 0, 0, 0, 0),
(259, 0, 0, 0, 0, 0, 0, 0, 0, 0),
(260, 0, 0, 0, 0, 0, 0, 0, 0, 0),
(261, 0, 0, 0, 0, 0, 0, 0, 0, 0),
(262, 0, 0, 0, 0, 0, 0, 0, 0, 0),
(263, 0, 0, 0, 0, 0, 0, 0, 0, 0),
(264, 0, 0, 0, 0, 0, 0, 0, 0, 0),
(265, 0, 0, 0, 0, 0, 0, 0, 0, 0),
(266, 0, 0, 0, 0, 0, 0, 0, 0, 0),
(267, 0, 0, 0, 0, 0, 0, 0, 0, 0),
(268, 0, 0, 0, 0, 0, 0, 0, 0, 0),
(269, 0, 0, 0, 0, 0, 0, 0, 0, 0),
(270, 0, 0, 0, 0, 0, 0, 0, 0, 0),
(271, 0, 0, 0, 0, 0, 0, 0, 0, 0),
(273, 0, 0, 0, 0, 0, 0, 0, 0, 0),
(274, 0, 0, 0, 0, 0, 0, 0, 0, 0),
(275, 0, 0, 0, 0, 0, 0, 0, 0, 0),
(276, 0, 0, 0, 0, 0, 0, 0, 0, 0),
(277, 0, 0, 0, 0, 0, 0, 0, 0, 0),
(278, 0, 0, 0, 0, 0, 0, 0, 0, 0),
(279, 0, 0, 0, 0, 0, 0, 0, 0, 0),
(280, 0, 0, 0, 0, 0, 0, 0, 0, 0),
(281, 0, 0, 0, 0, 0, 0, 0, 0, 0),
(282, 0, 0, 0, 0, 0, 0, 0, 0, 0),
(283, 0, 0, 0, 0, 0, 0, 0, 0, 0),
(284, 0, 0, 0, 0, 0, 0, 0, 0, 0),
(285, 0, 0, 0, 0, 0, 0, 0, 0, 0),
(286, 0, 0, 0, 0, 0, 0, 0, 0, 0),
(287, 0, 0, 0, 0, 0, 0, 0, 0, 0),
(289, 0, 0, 0, 0, 0, 0, 0, 0, 0),
(290, 0, 0, 0, 0, 0, 0, 0, 0, 0),
(291, 0, 0, 0, 0, 0, 0, 0, 0, 0),
(292, 0, 0, 0, 0, 0, 0, 0, 0, 0),
(293, 0, 0, 0, 0, 0, 0, 0, 0, 0),
(294, 0, 0, 0, 0, 0, 0, 0, 0, 0),
(295, 0, 0, 0, 0, 0, 0, 0, 0, 0),
(296, 0, 0, 0, 0, 0, 0, 0, 0, 0),
(297, 0, 0, 0, 0, 0, 0, 0, 0, 0),
(298, 0, 0, 0, 0, 0, 0, 0, 0, 0),
(299, 0, 0, 0, 0, 0, 0, 0, 0, 0),
(300, 0, 0, 0, 0, 0, 0, 0, 0, 0),
(301, 0, 0, 0, 0, 0, 0, 0, 0, 0),
(302, 0, 0, 0, 0, 0, 0, 0, 0, 0),
(303, 0, 0, 0, 0, 0, 0, 0, 0, 0),
(304, 0, 0, 0, 0, 0, 0, 0, 0, 0),
(305, 0, 0, 0, 0, 0, 0, 0, 0, 0),
(306, 0, 0, 0, 0, 0, 0, 0, 0, 0),
(307, 0, 0, 0, 0, 0, 0, 0, 0, 0),
(308, 0, 0, 0, 0, 0, 0, 0, 0, 0),
(309, 0, 0, 0, 0, 0, 0, 0, 0, 0),
(310, 0, 0, 0, 0, 0, 0, 0, 0, 0),
(311, 0, 0, 0, 0, 0, 0, 0, 0, 0),
(312, 0, 0, 0, 0, 0, 0, 0, 0, 0),
(313, 0, 0, 0, 0, 0, 0, 0, 0, 0),
(314, 0, 0, 0, 0, 0, 0, 0, 0, 0),
(315, 0, 0, 0, 0, 0, 0, 0, 0, 0),
(316, 0, 0, 0, 0, 0, 0, 0, 0, 0),
(317, 0, 0, 0, 0, 0, 0, 0, 0, 0),
(318, 0, 0, 0, 0, 0, 0, 0, 0, 0),
(319, 0, 0, 0, 0, 0, 0, 0, 0, 0),
(320, 0, 0, 0, 0, 0, 0, 0, 0, 0),
(321, 0, 0, 0, 0, 0, 0, 0, 0, 0),
(322, 0, 0, 0, 0, 0, 0, 0, 0, 0),
(323, 0, 0, 0, 0, 0, 0, 0, 0, 0),
(324, 0, 0, 0, 0, 0, 0, 0, 0, 0),
(325, 0, 0, 0, 0, 0, 0, 0, 0, 0),
(326, 0, 0, 0, 0, 0, 0, 0, 0, 0),
(327, 0, 0, 0, 0, 0, 0, 0, 0, 0),
(328, 0, 0, 0, 0, 0, 0, 0, 0, 0),
(329, 0, 0, 0, 0, 0, 0, 0, 0, 0),
(330, 0, 0, 0, 0, 0, 0, 0, 0, 0),
(331, 0, 0, 0, 0, 0, 0, 0, 0, 0),
(332, 0, 0, 0, 0, 0, 0, 0, 0, 0),
(333, 0, 0, 0, 0, 0, 0, 0, 0, 0),
(334, 0, 0, 0, 0, 0, 0, 0, 0, 0),
(335, 0, 0, 0, 0, 0, 0, 0, 0, 0),
(336, 0, 0, 0, 0, 0, 0, 0, 0, 0),
(337, 0, 0, 0, 0, 0, 0, 0, 0, 0),
(338, 0, 0, 0, 0, 0, 0, 0, 0, 0),
(339, 0, 0, 0, 0, 0, 0, 0, 0, 0),
(340, 0, 0, 0, 0, 0, 0, 0, 0, 0),
(341, 0, 0, 0, 0, 0, 0, 0, 0, 0),
(342, 0, 0, 0, 0, 0, 0, 0, 0, 0),
(343, 0, 0, 0, 0, 0, 0, 0, 0, 0),
(344, 0, 0, 0, 0, 0, 0, 0, 0, 0),
(345, 0, 0, 0, 0, 0, 0, 0, 0, 0),
(346, 0, 0, 0, 0, 0, 0, 0, 0, 0),
(347, 0, 0, 0, 0, 0, 0, 0, 0, 0),
(348, 0, 0, 0, 0, 0, 0, 0, 0, 0),
(349, 0, 0, 0, 0, 0, 0, 0, 0, 0),
(350, 0, 0, 0, 0, 0, 0, 0, 0, 0),
(351, 0, 0, 0, 0, 0, 0, 0, 0, 0),
(352, 0, 0, 0, 0, 0, 0, 0, 0, 0),
(353, 0, 0, 0, 0, 0, 0, 0, 0, 0),
(354, 0, 0, 0, 0, 0, 0, 0, 0, 0),
(355, 0, 0, 0, 0, 0, 0, 0, 0, 0),
(356, 0, 0, 0, 0, 0, 0, 0, 0, 0),
(357, 0, 0, 0, 0, 0, 0, 0, 0, 0),
(358, 0, 0, 0, 0, 0, 0, 0, 0, 0),
(359, 0, 0, 0, 0, 0, 0, 0, 0, 0),
(360, 0, 0, 0, 0, 0, 0, 0, 0, 0),
(361, 0, 0, 0, 0, 0, 0, 0, 0, 0),
(362, 0, 0, 0, 0, 0, 0, 0, 0, 0),
(363, 0, 0, 0, 0, 0, 0, 0, 0, 0),
(364, 0, 0, 0, 0, 0, 0, 0, 0, 0),
(365, 0, 0, 0, 0, 0, 0, 0, 0, 0),
(366, 0, 0, 0, 0, 0, 0, 0, 0, 0),
(367, 0, 0, 0, 0, 0, 0, 0, 0, 0),
(368, 0, 0, 0, 0, 0, 0, 0, 0, 0),
(369, 0, 0, 0, 0, 0, 0, 0, 0, 0),
(370, 0, 0, 0, 0, 0, 0, 0, 0, 0),
(371, 0, 0, 0, 0, 0, 0, 0, 0, 0),
(372, 0, 0, 0, 0, 0, 0, 0, 0, 0),
(373, 0, 0, 0, 0, 0, 0, 0, 0, 0),
(374, 0, 0, 0, 0, 0, 0, 0, 0, 0),
(375, 0, 0, 0, 0, 0, 0, 0, 0, 0),
(376, 0, 0, 0, 0, 0, 0, 0, 0, 0),
(377, 0, 0, 0, 0, 0, 0, 0, 0, 0),
(378, 0, 0, 0, 0, 0, 0, 0, 0, 0),
(379, 0, 0, 0, 0, 0, 0, 0, 0, 0),
(380, 0, 0, 0, 0, 0, 0, 0, 0, 0),
(381, 0, 0, 0, 0, 0, 0, 0, 0, 0),
(382, 0, 0, 0, 0, 0, 0, 0, 0, 0),
(383, 0, 0, 0, 0, 0, 0, 0, 0, 0),
(384, 0, 0, 0, 0, 0, 0, 0, 0, 0),
(385, 0, 0, 0, 0, 0, 0, 0, 0, 0),
(386, 0, 0, 0, 0, 0, 0, 0, 0, 0),
(387, 0, 0, 0, 0, 0, 0, 0, 0, 0),
(388, 0, 0, 0, 0, 0, 0, 0, 0, 0),
(389, 0, 0, 0, 0, 0, 0, 0, 0, 0),
(396, 0, 0, 0, 0, 0, 0, 0, 0, 0),
(397, 0, 0, 0, 0, 0, 0, 0, 0, 0),
(401, 0, 0, 0, 0, 0, 0, 0, 0, 0),
(402, 0, 0, 0, 0, 0, 0, 0, 0, 0),
(405, 0, 0, 0, 0, 0, 0, 0, 0, 0),
(406, 0, 0, 0, 0, 0, 0, 0, 0, 0),
(407, 0, 0, 0, 0, 0, 0, 0, 0, 0),
(408, 0, 0, 0, 0, 0, 0, 0, 0, 0),
(409, 0, 0, 0, 0, 0, 0, 0, 0, 0),
(410, 0, 0, 0, 0, 0, 0, 0, 0, 0),
(411, 0, 0, 0, 0, 0, 0, 0, 0, 0),
(412, 0, 0, 0, 0, 0, 0, 0, 0, 0),
(413, 0, 0, 0, 0, 0, 0, 0, 0, 0),
(414, 0, 0, 0, 0, 0, 0, 0, 0, 0),
(415, 0, 0, 0, 0, 0, 0, 0, 0, 0),
(416, 0, 0, 0, 0, 0, 0, 0, 0, 0),
(417, 0, 0, 0, 0, 0, 0, 0, 0, 0),
(418, 0, 0, 0, 0, 0, 0, 0, 0, 0),
(419, 0, 0, 0, 0, 0, 0, 0, 0, 0),
(420, 0, 0, 0, 0, 0, 0, 0, 0, 0),
(421, 0, 0, 0, 0, 0, 0, 0, 0, 0),
(422, 0, 0, 0, 0, 0, 0, 0, 0, 0),
(423, 0, 0, 0, 0, 0, 0, 0, 0, 0),
(424, 0, 0, 0, 0, 0, 0, 0, 0, 0),
(425, 0, 0, 0, 0, 0, 0, 0, 0, 0),
(426, 0, 0, 0, 0, 0, 0, 0, 0, 0),
(427, 0, 0, 0, 0, 0, 0, 0, 0, 0),
(428, 0, 0, 0, 0, 0, 0, 0, 0, 0),
(430, 0, 0, 0, 0, 0, 0, 0, 0, 0),
(431, 0, 0, 0, 0, 0, 0, 0, 0, 0),
(432, 0, 0, 0, 0, 0, 0, 0, 0, 0),
(433, 0, 0, 0, 0, 0, 0, 0, 0, 0),
(434, 0, 0, 0, 0, 0, 0, 0, 0, 0),
(435, 0, 0, 0, 0, 0, 0, 0, 0, 0),
(436, 0, 0, 0, 0, 0, 0, 0, 0, 0),
(437, 0, 0, 0, 0, 0, 0, 0, 0, 0),
(438, 0, 0, 0, 0, 0, 0, 0, 0, 0),
(439, 0, 0, 0, 0, 0, 0, 0, 0, 0),
(440, 0, 0, 0, 0, 0, 0, 0, 0, 0),
(441, 0, 0, 0, 0, 0, 0, 0, 0, 0),
(442, 0, 0, 0, 0, 0, 0, 0, 0, 0),
(443, 0, 0, 0, 0, 0, 0, 0, 0, 0),
(444, 0, 0, 0, 0, 0, 0, 0, 0, 0),
(445, 0, 0, 0, 0, 0, 0, 0, 0, 0),
(446, 0, 0, 0, 0, 0, 0, 0, 0, 0),
(449, 0, 0, 0, 0, 0, 0, 0, 0, 0),
(450, 0, 0, 0, 0, 0, 0, 0, 0, 0),
(451, 0, 0, 0, 0, 0, 0, 0, 0, 0),
(452, 0, 0, 0, 0, 0, 0, 0, 0, 0),
(453, 0, 0, 0, 0, 0, 0, 0, 0, 0),
(454, 0, 0, 0, 0, 0, 0, 0, 0, 0),
(455, 0, 0, 0, 0, 0, 0, 0, 0, 0),
(456, 0, 0, 0, 0, 0, 0, 0, 0, 0),
(457, 0, 0, 0, 0, 0, 0, 0, 0, 0),
(458, 0, 0, 0, 0, 0, 0, 0, 0, 0),
(459, 0, 0, 0, 0, 0, 0, 0, 0, 0),
(460, 0, 0, 0, 0, 0, 0, 0, 0, 0),
(461, 0, 0, 0, 0, 0, 0, 0, 0, 0),
(462, 0, 0, 0, 0, 0, 0, 0, 0, 0),
(463, 0, 0, 0, 0, 0, 0, 0, 0, 0),
(464, 0, 0, 0, 0, 0, 0, 0, 0, 0),
(465, 0, 0, 0, 0, 0, 0, 0, 0, 0),
(466, 0, 0, 0, 0, 0, 0, 0, 0, 0),
(467, 0, 0, 0, 0, 0, 0, 0, 0, 0),
(468, 0, 0, 0, 0, 0, 0, 0, 0, 0),
(469, 0, 0, 0, 0, 0, 0, 0, 0, 0),
(470, 0, 0, 0, 0, 0, 0, 0, 0, 0),
(471, 0, 0, 0, 0, 0, 0, 0, 0, 0),
(472, 0, 0, 0, 0, 0, 0, 0, 0, 0),
(473, 0, 0, 0, 0, 0, 0, 0, 0, 0);

-- --------------------------------------------------------

--
-- Table structure for table `online_coding`
--

CREATE TABLE `online_coding` (
  `id` int(11) NOT NULL,
  `user_id` int(11) NOT NULL,
  `current` int(11) NOT NULL DEFAULT '1',
  `1` int(11) NOT NULL DEFAULT '0',
  `2` int(11) NOT NULL DEFAULT '0',
  `3` int(11) NOT NULL DEFAULT '0',
  `4` int(11) NOT NULL DEFAULT '0',
  `5` int(11) NOT NULL DEFAULT '0'
) ENGINE=InnoDB DEFAULT CHARSET=latin1;

--
-- Dumping data for table `online_coding`
--

INSERT INTO `online_coding` (`id`, `user_id`, `current`, `1`, `2`, `3`, `4`, `5`) VALUES
(3, 16, 5, 1, 0, 0, 0, 0),
(4, 31, 1, 0, 0, 0, 0, 0),
(5, 32, 1, 0, 0, 0, 0, 0),
(6, 14, 1, 0, 0, 0, 0, 0),
(7, 69, 1, 0, 0, 0, 0, 0),
(8, 72, 5, 0, 1, 0, 0, 0),
(9, 81, 1, 0, 0, 0, 0, 0),
(10, 49, 5, 0, 1, 0, 0, 0),
(11, 108, 5, 0, 1, 0, 0, 0),
(12, 114, 1, 0, 0, 0, 0, 0),
(13, 59, 1, 0, 0, 0, 0, 0),
(14, 53, 5, 0, 1, 0, 0, 0),
(15, 149, 1, 0, 0, 0, 0, 0),
(16, 78, 1, 0, 0, 0, 0, 0),
(17, 152, 1, 0, 0, 0, 0, 0),
(18, 153, 1, 0, 0, 0, 0, 0),
(19, 140, 5, 0, 1, 0, 0, 0),
(20, 130, 1, 0, 0, 0, 0, 0),
(21, 66, 5, 0, 1, 0, 0, 0),
(22, 172, 1, 0, 0, 0, 0, 0),
(23, 177, 1, 0, 0, 0, 0, 0),
(24, 175, 1, 0, 0, 0, 0, 0),
(25, 181, 1, 0, 0, 0, 0, 0),
(26, 193, 1, 0, 0, 0, 0, 0),
(27, 196, 1, 0, 0, 0, 0, 0),
(28, 197, 1, 0, 0, 0, 0, 0),
(29, 200, 1, 0, 0, 0, 0, 0),
(30, 182, 1, 0, 0, 0, 0, 0),
(31, 211, 1, 0, 0, 0, 0, 0),
(32, 210, 1, 0, 0, 0, 0, 0),
(33, 212, 1, 0, 0, 0, 0, 0),
(34, 216, 1, 0, 0, 0, 0, 0),
(35, 218, 5, 0, 1, 0, 0, 0),
(36, 36, 1, 0, 0, 0, 0, 0),
(37, 225, 1, 0, 0, 0, 0, 0),
(38, 228, 1, 0, 0, 0, 0, 0),
(39, 230, 1, 0, 0, 0, 0, 0),
(40, 232, 1, 0, 0, 0, 0, 0),
(41, 199, 1, 0, 0, 0, 0, 0),
(42, 233, 1, 0, 0, 0, 0, 0),
(43, 155, 1, 0, 0, 0, 0, 0),
(44, 236, 1, 0, 0, 0, 0, 0),
(45, 245, 5, 0, 1, 0, 0, 0),
(46, 255, 1, 0, 0, 0, 0, 0),
(47, 275, 1, 0, 0, 0, 0, 0),
(48, 278, 1, 0, 0, 0, 0, 0),
(49, 239, 1, 0, 0, 0, 0, 0),
(50, 240, 1, 0, 0, 0, 0, 0),
(51, 258, 1, 0, 0, 0, 0, 0),
(52, 252, 1, 0, 0, 0, 0, 0),
(53, 327, 1, 0, 0, 0, 0, 0),
(54, 344, 1, 0, 0, 0, 0, 0),
(55, 346, 1, 0, 0, 0, 0, 0),
(56, 355, 1, 0, 0, 0, 0, 0),
(57, 267, 1, 0, 0, 0, 0, 0),
(58, 256, 1, 0, 0, 0, 0, 0),
(59, 360, 1, 0, 0, 0, 0, 0),
(60, 223, 1, 0, 0, 0, 0, 0),
(61, 374, 1, 0, 0, 0, 0, 0),
(62, 334, 1, 0, 0, 0, 0, 0),
(63, 171, 3, 0, 1, 0, 0, 0),
(64, 380, 3, 0, 1, 0, 0, 0),
(65, 174, 1, 0, 0, 0, 0, 0),
(66, 409, 1, 0, 0, 0, 0, 0),
(67, 408, 1, 0, 0, 0, 0, 0),
(68, 413, 1, 0, 0, 0, 0, 0),
(69, 418, 1, 0, 0, 0, 0, 0),
(70, 342, 1, 0, 0, 0, 0, 0),
(71, 412, 1, 0, 0, 0, 0, 0),
(72, 448, 3, 0, 1, 0, 0, 0),
(73, 453, 3, 0, 1, 0, 0, 0),
(74, 401, 1, 0, 0, 0, 0, 0),
(75, 457, 1, 0, 0, 0, 0, 0),
(76, 458, 1, 0, 0, 0, 0, 0),
(77, 455, 3, 0, 1, 0, 0, 0),
(78, 260, 1, 0, 0, 0, 0, 0),
(79, 135, 1, 0, 0, 0, 0, 0),
(80, 249, 1, 0, 0, 0, 0, 0),
(81, 470, 1, 0, 0, 0, 0, 0),
(82, 472, 1, 0, 0, 0, 0, 0);

-- --------------------------------------------------------

--
-- Table structure for table `online_coding_round1`
--

CREATE TABLE `online_coding_round1` (
  `id` int(11) NOT NULL,
  `user_id` int(11) NOT NULL,
  `current` int(11) NOT NULL DEFAULT '0',
  `score` int(11) NOT NULL DEFAULT '0'
) ENGINE=InnoDB DEFAULT CHARSET=latin1;

--
-- Dumping data for table `online_coding_round1`
--

INSERT INTO `online_coding_round1` (`id`, `user_id`, `current`, `score`) VALUES
(3, 16, 35, 16),
(4, 31, 35, 17),
(5, 32, 20, 31),
(6, 33, 15, 12),
(7, 14, 35, 23),
(8, 69, 35, 14),
(9, 72, 9, 17),
(10, 81, 35, 16),
(11, 75, 16, 12),
(12, 49, 35, 21),
(13, 100, 17, 12),
(14, 108, 35, 28),
(15, 114, 35, 15),
(16, 15, 16, 10),
(17, 59, 35, 16),
(18, 53, 35, 21),
(19, 105, 15, 13),
(20, 99, 17, 11),
(21, 149, 35, 20),
(22, 78, 35, 15),
(23, 150, 20, 14),
(24, 152, 35, 21),
(25, 153, 35, 18),
(26, 151, 24, 17),
(27, 154, 22, 17),
(28, 140, 35, 25),
(29, 130, 35, 26),
(30, 170, 21, 11),
(31, 66, 35, 26),
(32, 172, 34, 14),
(33, 174, 35, 25),
(34, 171, 35, 26),
(35, 119, 25, 19),
(36, 177, 35, 17),
(37, 175, 35, 12),
(38, 183, 27, 19),
(39, 182, 35, 21),
(40, 181, 35, 19),
(41, 193, 35, 18),
(42, 159, 33, 29),
(43, 196, 35, 16),
(44, 197, 35, 20),
(45, 200, 35, 24),
(46, 202, 26, 13),
(47, 210, 35, 20),
(48, 211, 35, 22),
(49, 212, 35, 26),
(50, 216, 35, 15),
(51, 218, 35, 24),
(52, 36, 35, 19),
(53, 215, 0, 0),
(54, 225, 35, 14),
(55, 227, 1, 1),
(56, 228, 35, 16),
(57, 230, 35, 25),
(58, 17, 16, 11),
(59, 232, 35, 22),
(60, 199, 35, 26),
(61, 233, 35, 21),
(62, 155, 35, 25),
(63, 236, 35, 20),
(64, 245, 35, 23),
(65, 239, 35, 23),
(66, 222, 15, 11),
(67, 255, 35, 26),
(68, 147, 27, 16),
(69, 275, 35, 26),
(70, 278, 35, 21),
(71, 240, 35, 24),
(72, 258, 35, 17),
(73, 291, 22, 15),
(74, 327, 35, 23),
(75, 252, 35, 21),
(76, 344, 35, 17),
(77, 346, 35, 24),
(78, 355, 35, 19),
(79, 267, 35, 17),
(80, 256, 35, 25),
(81, 360, 35, 14),
(82, 223, 35, 15),
(83, 374, 35, 17),
(84, 334, 35, 19),
(85, 380, 35, 20),
(86, 408, 35, 24),
(87, 409, 35, 16),
(88, 413, 35, 22),
(89, 417, 24, 20),
(90, 418, 35, 23),
(91, 342, 35, 22),
(92, 436, 23, 14),
(93, 412, 35, 20),
(94, 448, 35, 27),
(95, 453, 35, 23),
(96, 401, 35, 17),
(97, 455, 35, 28),
(98, 457, 35, 19),
(99, 458, 35, 24),
(100, 260, 35, 21),
(101, 135, 35, 23),
(102, 249, 35, 19),
(103, 470, 35, 16),
(104, 472, 35, 22);

-- --------------------------------------------------------

--
-- Table structure for table `questions`
--

CREATE TABLE `questions` (
  `id` int(11) NOT NULL,
  `questionNo` int(45) NOT NULL,
  `sampleInput` varchar(255) DEFAULT NULL,
  `sampleOutput` varchar(255) DEFAULT NULL,
  `testCase1` varchar(255) NOT NULL,
  `testCase1Output` varchar(255) NOT NULL,
  `testCase2` varchar(255) NOT NULL,
  `testCase2Output` varchar(255) NOT NULL,
  `testCase3` varchar(45) NOT NULL,
  `testCase3Output` varchar(45) NOT NULL,
  `testCase4` varchar(45) NOT NULL,
  `testCase4Output` varchar(45) NOT NULL,
  `testCase5` varchar(45) NOT NULL,
  `testCase5Output` varchar(45) NOT NULL
) ENGINE=InnoDB DEFAULT CHARSET=latin1;

--
-- Dumping data for table `questions`
--

INSERT INTO `questions` (`id`, `questionNo`, `sampleInput`, `sampleOutput`, `testCase1`, `testCase1Output`, `testCase2`, `testCase2Output`, `testCase3`, `testCase3Output`, `testCase4`, `testCase4Output`, `testCase5`, `testCase5Output`) VALUES
(1, 1, '', '', 'q1/i1.txt', 'q1/o1.txt', 'q1/i2.txt', 'q1/o2.txt', 'q1/i3.txt', 'q1/o3.txt', 'q1/i4.txt', 'q1/o4.txt', 'q1/i5.txt', 'q1/o5.txt'),
(2, 2, '', '', 'q2/i1.txt', 'q2/o1.txt', 'q2/i2.txt', 'q2/o2.txt', 'q2/i3.txt', 'q2/o3.txt', 'q2/i4.txt', 'q2/o4.txt', 'q2/i5.txt', 'q2/o5.txt'),
(3, 3, '', '', 'q3/i1.txt', 'q3/o1.txt', 'q3/i2.txt', 'q3/o2.txt', 'q3/i3.txt', 'q3/o3.txt', 'q3/i4.txt', 'q3/o4.txt', 'q3/i5.txt', 'q3/o5.txt'),
(4, 4, '', '', 'q4/i1.txt', 'q4/o1.txt', 'q4/i2.txt', 'q4/o2.txt', 'q4/i3.txt', 'q4/o3.txt', 'q4/i4.txt', 'q4/o4.txt', 'q4/i5.txt', 'q4/o5.txt'),
(5, 5, '', '', 'q5/i1.txt', 'q5/o1.txt', 'q5/i2.txt', 'q5/o2.txt', 'q5/i3.txt', 'q5/o3.txt', 'q5/i4.txt', 'q5/o4.txt', 'q5/i5.txt', 'q5/o5.txt');

-- --------------------------------------------------------

--
-- Table structure for table `registration`
--

CREATE TABLE `registration` (
  `Fullname` varchar(50) NOT NULL,
  `college` varchar(30) NOT NULL,
  `Year` int(11) NOT NULL,
  `email` varchar(40) NOT NULL,
  `phone` varchar(40) NOT NULL,
  `androidknowledge` varchar(30) NOT NULL,
  `userid` int(11) NOT NULL
) ENGINE=InnoDB DEFAULT CHARSET=latin1;

--
-- Dumping data for table `registration`
--

INSERT INTO `registration` (`Fullname`, `college`, `Year`, `email`, `phone`, `androidknowledge`, `userid`) VALUES
('Thiruvenkatam', 'svce', 3, 'thirumuscat@gmail.com', '8754418378', 'Average', 2),
('Thiruvenkatam', 'svce', 3, 'thirumuscat@gmail.com', '8754418378', 'Average', 3),
('Thiruvenkatam', 'svce', 3, 'thirumuscat@gmail.com', '8754418378', 'Average', 4),
('Thiruvenkatam', 'svce', 3, 'thirumuscat@gmail.com', '8754418378', 'Average', 5),
('Thiruvenkatam', 'svce', 3, 'thirumuscat@gmail.com', '8754418378', 'Average', 6),
('Thiruvenkatam g', 'fgrf', 4, 'thirumusca@gmail.com', '4566774', 'Average', 7),
('Thiruvenkatam g', 'fgrf', 4, 'thirumusca@gmail.com', '4566774', 'Average', 8);

-- --------------------------------------------------------

--
-- Table structure for table `round_one`
--

CREATE TABLE `round_one` (
  `id` int(11) NOT NULL,
  `level` tinyint(2) NOT NULL,
  `pic` varchar(20) NOT NULL DEFAULT '0',
  `question` varchar(2000) NOT NULL,
  `a` varchar(800) NOT NULL,
  `b` varchar(800) NOT NULL,
  `c` varchar(800) NOT NULL,
  `d` varchar(800) NOT NULL,
  `answer` varchar(4) NOT NULL
) ENGINE=InnoDB DEFAULT CHARSET=latin1;

--
-- Dumping data for table `round_one`
--

INSERT INTO `round_one` (`id`, `level`, `pic`, `question`, `a`, `b`, `c`, `d`, `answer`) VALUES
(1, 1, '1.jpg', '', 'Inhertied Class', 'Base Class', 'Derived Class', 'Abstract class', 'd'),
(2, 1, '2.jpg', '', 'List', 'Array', 'Structure', 'Union', 'b'),
(3, 1, '3.jpg', '', 'Cloning', 'Polymorphism', 'Inheritance', 'Abstraction', 'a'),
(4, 1, '4.jpg', '', 'Composition', 'Abstraction', 'Encoding', 'Dynamic Declaration', 'a'),
(5, 1, '5.jpg', '', 'Data Encoding', 'Polymorphism', 'Data Hiding', 'Data Decryption', 'c'),
(6, 1, '6.jpg', '', 'Brute Force', 'Divide and Conquer', 'Trial and error', 'Backtrack', 'b'),
(7, 1, '7.jpg', '', 'Elaboration', 'Abstraction', 'Encapsulation', 'Protection', 'c'),
(8, 1, '8.jpg', '', 'Inheritance', 'Cloning', 'Polymorphism', 'Abstraction', 'a'),
(9, 1, '9.jpg', '', 'Abstraction', 'Inheritance', 'Polymorphism', 'Cloning', 'c'),
(10, 1, '10.jpg', '', 'Stack', 'List', 'Tree', 'Queue', 'd'),
(11, 1, '11.jpg', '', 'Declaration', 'Traversal', 'Sorting', 'Searching', 'd'),
(12, 1, '12.jpg', '', 'Network', 'Client', 'Server', 'Domain', 'c'),
(13, 1, '13.jpg', '', 'Sorting', 'Searching', 'Traversal', 'Declaration', 'a'),
(14, 1, '14.jpg', '', 'List', 'Stack', 'Queue', 'Heap', 'b'),
(15, 1, '15.jpg', '', 'Webpage', 'Website', 'Network', 'Netspace', 'b'),
(16, 2, '0', 'printf("  ");\noutput is:garbage value\nwhat will be the input that is to be present within the doble quotes of printf to get the corresponding output?', '%d', '%p', '%f', 'both b and c', 'a'),
(17, 2, '0', 'int i;\ndouble *p;\nprintf("%d",(*p+i));\np points to an address location :2000\noutput is:2008', '2', '3', '8', '1', 'd'),
(18, 2, '0', 'void main()\n{char a[10];\n\nscanf("%[^abi]s",a);\nprintf(("%s",a);\n}\noutput is:svcecse\nwhat would be the input string to get this particular output?', 'svcecseee', 'svcecsei', 'svcecsek', 'svcecsem', 'b'),
(19, 2, '0', 'void main()\n{\nint b;\nchar a[10];\nscanf("%s",a);\nb=sizeof(a);\nprintf("%d",b);\n}\noutput is:10\nwhat should be the input string to get this output?', 'interrupt', 'svcecse', 'interrupt2', 'interruptk', 'a'),
(20, 2, '0', 'void main()\n{\nprintf("svce..cse..interrupt2k15");\n}\noutput is:cseinterrupt2k15\nwhat are the three escape sequences which should be in the place of the dot in the printf statement to get the required output?', '\\t\\t', '\\r\\b', '\\b\\t', '\\a\\t', 'b'),
(21, 2, '0', 'void main()\n{\nunsigned int i=65535;\nint j;\ni=i+j;\nprintf("%d",i);\n}\noutput is:0\nwhat should be the value of variable j to get the required output?', '2', '65535', '32768', '1', 'd'),
(22, 2, '0', 'void main()\n{\nint i,k,j=-2;\nk=i%j;\nprintf("%d",k);\n}\noutput is:-1\nwhat should be the value of variable i to get this required ouput?', '5', '-5', '6', '-6', 'b'),
(23, 2, '0', 'void main()\n{\nint a[2][2];\na[0][0]=0;\na[0][1]=1;\na[1][0]=0;\na[1][1]=1;\n}\noutput is:5\nfor what set of elements in a array the output would be 9?', '1,0\n0,1', '0,1\n1,0', '1,0\n0,1', '1,1\n1,1', 'c'),
(24, 2, '0', 'void main()\n{\nint c=getchar();\nprintf("%d",c);\n}\noutput is:97\nwhat would be the input character from the user for this output ?', 'A', 'B', 'a', 'b', 'c'),
(25, 2, '0', 'void main()\n{\nchar a[10]={"svcecse"};\nprintf("%..s",a);\n}\noutput is:svce\nwhat should be the value in the place of dot in the printf statement to get the required output?', '3', '4', '5', 'both a and c', 'b'),
(26, 2, '0', 'void main()\n{\nint a=..,2,3;\nint b=(1,3,2);\nprintf("%d",a+b);\n}\noutput is :4\nwhat should be present in the place of dot to get this output?\n', '3', '2', '4', '1', 'b'),
(27, 2, '0', 'void main()\n{\nint x;\nint y=x>>3;\n printf("%d",y);\n}\noutput is:16\nwhat will be the value of x to get this output?\n', '128', '64', '32', '2', 'a'),
(28, 2, '0', 'void main()\n{\nint x,y,z;\nz=x|y;\nprintf("%d",z);\n}\noutput is:7\nwhat will be the values of x&y to get this output?', '4,8', '4,3', '7,1', 'both b and c', 'd'),
(29, 2, '0', 'void main()\n{\nint x;\nint y=!x;\nprintf("%d",y);\n}\noutput is:254\nwhat would be the value of x to get this output?', '1', '256', '4', 'none of these', 'a'),
(30, 2, '0', 'void main()\n{\nint i;\nchar a[10]={"svcecse"};\ncout.write(a,i);\n}\noutput is:svce\nwhat will be the value of i to get this output?', '3', '4', '5', 'both b and c', 'b'),
(31, 2, '0', 'void main()\n{\nint x;\ncout<<x++<<++x<<++x<<x;\n}\noutput:7654\nwhat will be the value of x to get this output?', '7', '4', '5', 'none of these', 'b'),
(32, 2, '0', 'void main()\n{\nint x;\nchar a[5],b[5];\nx=strcmpi(a,b);\nif(!x)\n{\nprintf("equal");\n}\nelse\n{\nprintf("not equal");\n}\n}\noutput:equal\nwhat would be the strings in the respective  arrays to get this output?', 'hello,hello', 'hello,HEllo ', 'hello,hell', 'both b and c', 'd'),
(33, 2, '0', 'void main()\n{int b=1;\ncout<<a*=a+=b;\n}\noutput is:9\nwhat will be the value of a to get this output?', '2', '3', '4', 'none of these', 'a'),
(34, 2, '0', 'printf("..");\nThis statement leads to abnormal program termination\nwhat will come in the place of dot to make it happen?', '%f', '%c', '%d', 'none of these ', 'a'),
(35, 2, '0', 'void main()\n{\nfloat x=1.8*10^38\nprintf("%f",x);\n}\nwhat will be the output?\n', '+inf', '-inf', 'either a or b', 'neither a nor b', 'c');

-- --------------------------------------------------------

--
-- Table structure for table `stoppings`
--

CREATE TABLE `stoppings` (
  `id` int(11) NOT NULL,
  `route_number` varchar(5) NOT NULL,
  `stop_name` varchar(80) NOT NULL
) ENGINE=InnoDB DEFAULT CHARSET=latin1;

--
-- Dumping data for table `stoppings`
--

INSERT INTO `stoppings` (`id`, `route_number`, `stop_name`) VALUES
(1, '1', 'TIRUVOTRIYUR'),
(2, '2', 'TVKPARK'),
(3, '3', 'DOVETON'),
(4, '3/6', 'TVKPARK'),
(5, '4', 'PERAMBUR'),
(6, '7', 'MKBNAGAR'),
(7, '8', 'VALLUVARKOTTAM'),
(8, '9', 'LUCASTVS'),
(9, '10', 'LUCASTVS'),
(10, '11', 'LOTUSCOLONY'),
(11, '11/', 'W.DEPOT/WAVIN'),
(12, '12', 'THIRUMANGALAMSIGNAL'),
(13, '13', 'LUCASTVS'),
(14, '14', 'HIGHCOURT'),
(15, '15', 'TONDAIRPET'),
(16, '16', 'AYANAVARAM'),
(17, '17', 'MOOLAKADAI'),
(18, '17/', 'RETTERI/KORATTUR'),
(19, '20', 'THIRUMANGALAMSIGNAL'),
(20, '21', 'TRIPLICANE'),
(21, '22', 'MYLAPORE'),
(22, '23', 'SANTHOME'),
(23, '24', 'MYLAPORE'),
(24, '25', 'EGMORE'),
(25, '27', 'BESANTNAGAR'),
(26, '28', 'TIRUVANMIYUR'),
(27, '29', 'VELACHERY'),
(28, '30', 'CHROMPET'),
(29, '31', 'MADIPAKKAM'),
(30, '32', 'MUSICACADEMY'),
(31, '33', 'MYLAPORE'),
(32, '34', 'MEENAMBAKKAM'),
(33, '34A', 'MANGADU'),
(34, '35', 'SAIDAPET'),
(35, '36', 'MEDAVAKKAMKOOTROAD'),
(36, '37', 'MEDAVAKKAM'),
(37, '38', 'MADIPAKKAM'),
(38, '39', 'GUDUVANCHERY'),
(39, '40', 'AAVICHI'),
(40, '41', 'VALLUVARKOTTAM'),
(41, '42', 'AMBALNAGAR'),
(42, '43', 'ASHOKPILLAR'),
(43, '44', 'T.NAGAR'),
(44, '45', 'T.NAGAR'),
(45, '46', 'T.NAGAR'),
(46, '47', 'T.NAGAR'),
(47, '48', 'T.NAGAR'),
(48, '49', 'ASHOKPILLAR'),
(49, '50', 'VADAPALINI'),
(50, '51', 'T.NAGAR'),
(51, '52', 'VALLUVARKOTTAM'),
(52, '53', 'T.NAGAR'),
(53, '55', 'PORUR'),
(54, '56', 'KANCHEEPURAM'),
(55, '57', 'KANCHIPURAM'),
(56, '58', 'KANCHEEPURAM'),
(57, '60', 'THIRUVALLUR'),
(58, '1', 'THERADI'),
(59, '1', 'KALADIPET'),
(60, '1', 'TOLLGATE'),
(61, '1', 'TONDAIRPET'),
(62, '1', 'ROYAPURAM'),
(63, '1', 'BEACHSTATION'),
(64, '1', 'HIGHCOURT'),
(65, '1', 'MMC'),
(66, '1', 'DINATHANTHI'),
(67, '1', 'NSKNAGAR'),
(68, '1', 'KOYAMBEDUROUNTANA	'),
(69, '2', 'TVKPARK'),
(70, '2', 'CHINTAMANI'),
(71, '2', 'ANNANAGAR-ROUNTANA'),
(72, '2', 'BLUESTAR'),
(73, '2', 'THIRUMANGALAM'),
(74, '2', 'KOYAMBEDUROUNTANA'),
(75, '3', 'KELLYS'),
(76, '3', 'KILPAUK'),
(77, '3', 'CHINTHAMANI'),
(78, '3', 'BLUESTAR'),
(79, '3', 'TIRUMANGALAM'),
(80, '3', 'KOYAMBEDUROUNTANA'),
(81, '3', 'MADURAVOYIL'),
(82, '3/6', 'DOVETON'),
(83, '3/6', 'CHINTAMANI'),
(84, '3/6', 'ANNANAGAR-ROUNTANA'),
(85, '3/6', 'BLUESTAR'),
(86, '3/6', '12THMAINROAD'),
(87, '3/6', 'TIRUMANGALAMSIGNAL'),
(88, '3/6', 'KOYAMBEDUROUNTANA'),
(89, '4', 'PERAMBURBUSSTAND'),
(90, '4', 'VYASABADIJEEVA'),
(91, '4', 'ATTUTHOTTI'),
(92, '4', 'MILKCANTEEN(BANDCMILLBACKGATE)'),
(93, '4', 'OTTERI'),
(94, '4', 'AYANAVARAMESI'),
(95, '4', 'MEDAVAKKAMTANK'),
(96, '4', 'KELLYS-NAGAPPAMOTORS'),
(97, '4', 'NEWAVADIROAD'),
(98, '4', 'CHINTHAMANI'),
(99, '4', 'ANNANAGAR-ROUNTANA'),
(100, '4', 'SARAVANABHAVANHOTEL'),
(101, '4', 'BLUESTAR'),
(102, '4', 'THIRUMANGALAMSIGNAL'),
(103, '4', 'KOYAMBEDUROUNTANA'),
(104, '7', 'MOOLAKADAI'),
(105, '7', 'TVKNAGAR'),
(106, '7', 'AGARAM'),
(107, '7', 'PERIYARNAGAR'),
(108, '7', 'KOLATHUR'),
(109, '7', 'ERATTERI'),
(110, '7', 'SENTHILNAGAR'),
(111, '7', 'ANNANAGAR-WESTDEPOT'),
(112, '7', 'KOYAMBEDUROUNTANA'),
(113, '8', 'NUNGAMBAKKAM'),
(114, '8', 'STERLINGROAD'),
(115, '8', 'CHETPET'),
(116, '8', 'TAYLORSROAD'),
(117, '8', 'AMINJIKARAI'),
(118, '8', 'ARUMBAKKAM'),
(119, '8', 'KOYAMBEDU'),
(120, '9', 'AMBATTUR'),
(121, '9', 'THIRUMULLAIVOYAL'),
(122, '9', 'AVADI'),
(123, '9', 'RAMARATHANATHEATRE'),
(124, '9', 'NAZARTHPET'),
(125, '10', 'AMBATTUR'),
(126, '10', 'THIRUMULLAIVOYAL'),
(127, '10', 'AVADI'),
(128, '10', 'RAMARATHANATHEATRE'),
(129, '10', 'NAZARTHPET'),
(130, '11', 'K4STATION'),
(131, '11', 'ANNANAGARWEST'),
(132, '11', 'TIRUMANGALAM'),
(133, '11', 'KOYAMBEDU'),
(134, '11/', 'WESTDEPOT'),
(135, '11/', '13THMAINROAD'),
(136, '11/', 'THIRUMANGALAMSIGNAL'),
(137, '11/', 'KRISHNANAGAR'),
(138, '11/', 'WAVIN'),
(139, '12', 'WAVES'),
(140, '12', 'COLLECTORNAGAR'),
(141, '12', 'GOLDENFLATS'),
(142, '12', 'MUGAPPAIRWEST'),
(143, '12', 'VELAPPANCHAVADI'),
(144, '13', 'KORATTUR'),
(145, '13', 'AMBATTUR'),
(146, '13', 'THIRUMULLAIVOYAL'),
(147, '13', 'AVADI'),
(148, '13', 'RAMARATHANATHEATRE'),
(149, '13', 'POONAMALLEE'),
(150, '13', 'NAZARTHPET'),
(151, '14', 'MMC'),
(152, '14', 'DASAPRAKASH'),
(153, '14', 'KMC'),
(154, '14', 'NSKNAGAR'),
(155, '14', 'KOYEMBEDU'),
(156, '14', 'MADURAVOYAL'),
(157, '14', 'NERKUNDRAM'),
(158, '14', 'VANAGARAMANDVELLAPPANCHAVADI'),
(159, '15', 'MAHARANITHEATRE'),
(160, '15', 'MINT'),
(161, '15', 'WALLTAXROAD'),
(162, '15', 'CENTRAL'),
(163, '15', 'DASAPRAKASH'),
(164, '15', 'TAYLORSROAD'),
(165, '15', 'AMINJIKKARAI'),
(166, '15', 'NSKNAGAR'),
(167, '15', 'KOYAMBEDU'),
(168, '16', 'ICF'),
(169, '16', 'VILLIVAKKAM'),
(170, '16', 'NADHAMUNITHEATRE'),
(171, '16', 'LUCASBRIDGE'),
(172, '16', 'WESTDEPOT'),
(173, '16', 'TIRUMANGALAM'),
(174, '16', 'GOLDENFLATS'),
(175, '16', 'COLLECTORNAGAR'),
(176, '16', 'WAVIN'),
(177, '16', 'MADURAVOYILBRIDGE'),
(178, '17', 'TVKNAGAR'),
(179, '17', 'AGARAM'),
(180, '17', 'PERIYARNAGAR'),
(181, '17', 'KOLATHUR'),
(182, '17', 'RETTERI'),
(183, '17', 'SENTHILNAGAR'),
(184, '17', 'ANNANAGAR-WESTDEPOT'),
(185, '17', 'KOYAMBEDUROUNTANA'),
(186, '17/', 'RETTERI'),
(187, '17/', 'SENTHILNAGAR'),
(188, '17/', 'LUCASTVS'),
(189, '17/', 'KORATTUR'),
(190, '17/', 'AMBATTURTELEPHONEEXCHANGE'),
(191, '17/', 'MADURAVOYIL'),
(192, '20', 'WAVES(TNEB)'),
(193, '20', 'COLLECTORNAGAR'),
(194, '20', 'GOLDENFLATS'),
(195, '20', 'MUGAPPAIR-7HBUSSTOP'),
(196, '20', 'NOLAMBURPOLICESTATION'),
(197, '20', 'WAVIN'),
(198, '20', 'VELAPPANCHAVADI'),
(199, '21', 'ROYAPETAH'),
(200, '21', 'SWAGATH'),
(201, '21', 'AJANTHA'),
(202, '21', 'LLOYDSROAD'),
(203, '21', 'MUSICACADEMY'),
(204, '21', 'OPELASTRA'),
(205, '21', 'ALWARPET'),
(206, '21', 'SIET'),
(207, '21', 'SAIDAPET'),
(208, '21', 'GUINDY'),
(209, '21', 'PORUR'),
(210, '22', 'LUZSIGNAL'),
(211, '22', 'MYLAPORETANK'),
(212, '22', 'MANDAVELI'),
(213, '22', 'KALLIAPPA'),
(214, '22', 'PARKSHERATON'),
(215, '22', 'KOTTURPURAM'),
(216, '22', 'GUINDY'),
(217, '22', 'PORUR'),
(218, '23', 'AIRTELOFFICE'),
(219, '23', 'MANDAVELIBS'),
(220, '23', 'KALLIAPPA'),
(221, '23', 'HOTELPARKSHERATON'),
(222, '23', 'KOTTURPURAM'),
(223, '23', 'GUINDY'),
(224, '23', 'PORUR'),
(225, '24', 'LUZSIGNAL'),
(226, '24', 'MYLAPORETANK'),
(227, '24', 'MANDAVELI'),
(228, '24', 'KALLIAPPA'),
(229, '24', 'PARKSHERATON'),
(230, '24', 'KOTTURPURAM'),
(231, '24', 'GUINDY'),
(232, '24', 'RAMAPURAM'),
(233, '24', 'PORUR'),
(234, '25', 'ETHIRAJCOLLEGE'),
(235, '25', 'SAFIRE'),
(236, '25', 'DMS'),
(237, '25', 'SIET'),
(238, '25', 'SAIDAPET'),
(239, '25', 'LITTLEMOUNT'),
(240, '25', 'GUINDY'),
(241, '25', 'PORUR'),
(242, '27', 'VANNANTHURAI'),
(243, '27', 'ADYARDEPOT'),
(244, '27', 'ADYARSIGNAL'),
(245, '27', 'IIT'),
(246, '27', 'GUINDY'),
(247, '27', 'PORUR'),
(248, '28', 'JAYANTHI'),
(249, '28', 'INDIRANAGAR'),
(250, '28', 'ADYAR'),
(251, '28', 'ANNAUNIVERSITY'),
(252, '28', 'GUINDY'),
(253, '28', 'PORUR'),
(254, '28', 'POONAMALLE'),
(255, '29', 'TARAMANI'),
(256, '29', 'VIJAYANAGAR'),
(257, '29', 'GUINDY'),
(258, '29', 'PORUR'),
(259, '29', 'POONAMALLE'),
(260, '30', 'CHROMPET'),
(261, '30', 'PALLAVARAM'),
(262, '30', 'PAMMAL'),
(263, '30', 'KUNDRATHUR'),
(264, '30', 'CIT'),
(265, '30', 'SVCE'),
(266, '31', 'OILMILLSTOP'),
(267, '31', 'VANUVAMPET'),
(268, '31', 'ST.THOMASMOUNT'),
(269, '31', 'KATHIPARA'),
(270, '31', 'RAMAPURAM'),
(271, '31', 'PORUR'),
(272, '32', 'LITTLEMOUNT'),
(273, '32', 'GUINDY'),
(274, '32', 'RAMAPURAM'),
(275, '32', 'SAKTHINAGAR'),
(276, '32', 'PORUR'),
(277, '32', 'IYYAPPANTHANGAL'),
(278, '32', 'KATTUPAKKAM'),
(279, '33', 'LUZSIGNAL'),
(280, '33', 'MYLAPORETANK'),
(281, '33', 'MANDAVELI'),
(282, '33', 'KALLIAPPA'),
(283, '33', 'PARKSHERATON'),
(284, '33', 'KOTTURPURAM'),
(285, '33', 'GUINDY'),
(286, '33', 'PORUR'),
(287, '34', 'PALLAVARAM'),
(288, '34', 'KRISHNANAGAR'),
(289, '34', 'PAMMAL'),
(290, '34', 'ANAKAPUTHUR'),
(291, '34', 'KUNDRATHUR'),
(292, '34', 'CIT'),
(293, '34A', 'MANGADU'),
(294, '34A', 'KUMANANCHAAVADI'),
(295, '34A', 'POONAMALLEE'),
(296, '34A', 'NAZARATHPET'),
(297, '35', 'LITTLEMOUNT'),
(298, '35', 'GUINDY'),
(299, '35', 'RAMAPURAM'),
(300, '35', 'SAKTHINAGAR'),
(301, '35', 'PORUR'),
(302, '35', 'IYYAPPANTHANGAL'),
(303, '35', 'KATTUPAKKAM'),
(304, '35', 'POONAMALLEE'),
(305, '36', 'MEDAVAKKAMKOOTROAD'),
(306, '36', 'CAMPROAD'),
(307, '36', 'EASTTAMBARAM'),
(308, '36', 'KISHKINTHA'),
(309, '36', 'SOMANGALAM'),
(310, '36', 'SVCE'),
(311, '37', 'KOVILAMBAKKAM'),
(312, '37', 'KILKATTALAI'),
(313, '37', 'VANUVAMPETTAI'),
(314, '37', 'NANGANALLUR'),
(315, '37', 'OILMILLSTOP'),
(316, '37', 'TRIDENT'),
(317, '37', 'KATHIPARAJUNCTION'),
(318, '37', 'RAMAPURAM'),
(319, '37', 'MUGALIVAKKAM'),
(320, '37', 'SAKTHINAGAR'),
(321, '37', 'PORUR'),
(322, '37', 'POONAMALEE'),
(323, '38', 'OILMILLSTOP'),
(324, '38', 'VANUVAMPET'),
(325, '38', 'ST.THOMASMOUNT'),
(326, '38', 'KATHIPARA'),
(327, '38', 'RAMAPURAM'),
(328, '38', 'PORUR'),
(329, '38', 'KATTUPAKKAM'),
(330, '38', 'NAZARATHPET'),
(331, '39', 'GUDUVANCHERY'),
(332, '39', 'URAPAKKAM'),
(333, '39', 'VANDALUR'),
(334, '39', 'PERUNGALATHUR'),
(335, '39', 'TAMBARAM'),
(336, '39', 'MEPZ'),
(337, '39', 'KISHKINTHA'),
(338, '39', 'SOMANAGALAM'),
(339, '39', 'SVCE'),
(340, '40', 'AAVICHI'),
(341, '40', 'VIRUGAMBAKKAM'),
(342, '40', 'VALASARAVAKKAM'),
(343, '40', 'PORUR'),
(344, '40', 'AYYAPANTHANGAL'),
(345, '40', 'KATTUPAKKAM'),
(346, '40', 'POONAMALLEEBYEPASS'),
(347, '41', 'HABIBULLAHROAD'),
(348, '41', 'LIBERTY'),
(349, '41', 'KODAMBAKKAMPOWERHOUSE'),
(350, '41', 'VADAPALANI'),
(351, '41', 'AVICHI'),
(352, '41', 'PORUR'),
(353, '42', 'KASITHEATRE'),
(354, '42', 'PTRAJANROAD'),
(355, '42', 'PONDICHERRYGUESTHOUSE'),
(356, '42', 'AVICHI'),
(357, '42', 'VIRUGAMBAKKAM'),
(358, '42', 'PORUR'),
(359, '43', 'ASHOKPILLAR'),
(360, '43', 'AYYAPANKOIL'),
(361, '43', 'PANDICHERRYGUESTHOUSE'),
(362, '43', 'AAVICHI'),
(363, '43', 'VIRUGAMBAKKAM'),
(364, '43', 'VALASARAVAKKAM'),
(365, '43', 'PORUR'),
(366, '44', 'PONDYBAZAAR'),
(367, '44', 'DURAISAMYSUBWAY'),
(368, '44', 'AYODHYAMANADAPAM'),
(369, '44', 'ASHOKPILLAR'),
(370, '44', 'KKNAGAR'),
(371, '44', 'AVICHI'),
(372, '44', 'VIRUGAMBAKKAM'),
(373, '44', 'VALASARAVAKAKM'),
(374, '44', 'PORUR'),
(375, '45', 'CITNAGAR'),
(376, '45', 'ASHOKPILLAR'),
(377, '45', '100FTROAD'),
(378, '45', 'VADAPALANI'),
(379, '45', 'AVICHI'),
(380, '45', 'PORUR'),
(381, '46', 'PANAGALPARK'),
(382, '46', 'DURAISAMYSUBWAY'),
(383, '46', 'AYODHYAMANADAPAM'),
(384, '46', 'ASHOKPILLAR'),
(385, '46', 'PTRAJANROAD'),
(386, '46', 'PONDICHERRYGUESTHOUSE'),
(387, '46', 'AVICHI'),
(388, '46', 'VIRUGAMBAKKAM'),
(389, '46', 'VALASARAVAKAKM'),
(390, '46', 'PORUR'),
(391, '47', 'PONDYBAZAAR'),
(392, '47', 'DURAISAMYSUBWAY'),
(393, '47', 'AYODHYAMANADAPAM'),
(394, '47', 'ASHOKPILLAR'),
(395, '47', 'KKNAGAR'),
(396, '47', 'AVICHI'),
(397, '47', 'VIRUGAMBAKKAM'),
(398, '47', 'VALASARAVAKAKM'),
(399, '47', 'PORUR'),
(400, '48', 'BAZULLAHROAD'),
(401, '48', 'VIVEKANDCO'),
(402, '48', 'MAHALINGAPURAM'),
(403, '48', 'MLM'),
(404, '48', 'LOYOLA'),
(405, '48', 'METHANAGAR'),
(406, '48', 'NSKNAGAR'),
(407, '48', 'KOYAMBEDU'),
(408, '49', 'ASHOKPILLAR'),
(409, '49', 'AYYAPANKOIL'),
(410, '49', 'PANDICHERRYGUESTHOUSE'),
(411, '49', 'AAVICHI'),
(412, '49', 'VIRUGAMBAKKAM'),
(413, '49', 'VALASARAVAKKAM'),
(414, '49', 'PORUR'),
(415, '50', 'SAF'),
(416, '50', '100FTROAD'),
(417, '50', 'CHINMAYANAGAR'),
(418, '50', 'VADAPALANI'),
(419, '50', 'AVICHI'),
(420, '50', 'VIRUGAMBAKKAM'),
(421, '50', 'VALASARAWAKKAM'),
(422, '50', 'PORUR'),
(423, '51', 'BAZULLAHROAD'),
(424, '51', 'VIVEKANDCO'),
(425, '51', 'MAHALINGAPURAM'),
(426, '51', 'MLM'),
(427, '51', 'LOYOLACOLLEGE'),
(428, '51', 'METHANAGAR'),
(429, '51', 'NSKNAGAR'),
(430, '51', 'KOYAMBEDU'),
(431, '52', 'HABIBULLAHROAD'),
(432, '52', 'LIBERTY'),
(433, '52', 'KODAMBAKKAMPOWERHOUSE'),
(434, '52', 'VADAPALANI'),
(435, '52', 'PORUR'),
(436, '53', 'PONDYBAZAAR'),
(437, '53', 'DURAISAMYSUBWAY'),
(438, '53', 'AYODHYAMANDAPAM'),
(439, '53', 'ASHOKPILLAR'),
(440, '53', 'KKNAGAR'),
(441, '53', 'AVICHI'),
(442, '53', 'VIRUGAMBAKKAMKESAVARTHINI'),
(443, '53', 'VALASARAVAKKAM'),
(444, '53', 'PORUR'),
(445, '55', 'PORUR'),
(446, '55', 'AYYAPPANTHANGAL'),
(447, '55', 'KATTUPAKKAM'),
(448, '55', 'KUMANANCHAVADI'),
(449, '55', 'POONAMALLE'),
(450, '55', 'NAZARTHPET'),
(451, '56', 'COLLECTOROFFICE'),
(452, '56', 'METTUSTREET'),
(453, '56', 'MOONGILMANDAPAM(ONWARD)/RANGASAMYKULAM(RETURN)'),
(454, '56', 'KANCHEEPURAMMAINBUSS'),
(455, '56', 'SANKARAMUTT'),
(456, '56', 'KANCHEEPURAMNEWRAILWAYSTATION'),
(457, '56', 'MEENAKSHIHOSPITAL'),
(458, '56', 'SANTHAVELUR'),
(459, '57', 'COLLECTOROFFICE'),
(460, '57', 'METTUSTREET'),
(461, '57', 'MOONGILMANDAPAM(ONWARD)/RANGASAMYKULAM(RETURN)'),
(462, '57', 'KANCHEEPURAMMAINBUSSTAND'),
(463, '57', 'SANKARAMUTT'),
(464, '57', 'KANCHEEPURAMNEWRAILWAYSTATION'),
(465, '57', 'MEENAKSHIHOSPITAL'),
(466, '57', 'SANTHAVELUR'),
(467, '58', 'TOLLGATE'),
(468, '58', 'VARADHARAJAPERUMALKOIL'),
(469, '58', 'METTUSTREET'),
(470, '58', 'MOONGILMANDAPAM(ONWAMOONGILMANDAPAM(ONWARD)/RANGASAMYKULAM(RETURN)'),
(471, '58', 'KANCHEEPURAMMAINBUSSTAND'),
(472, '58', 'SANKARAMUTT'),
(473, '58', 'KANCHEEPURAMNEWRAILWAYSTATION'),
(474, '58', 'MEENAKSHIHOSPITAL'),
(475, '58', 'SANTHAVELUR'),
(476, '60', 'JAYACOLLEGE'),
(477, '60', 'THIRUNINRAVURBRIDGE'),
(478, '60', 'VEPPAMPATTU'),
(479, '60', 'CHEVVAPET'),
(480, '60', 'PUTLURKOOTROAD'),
(481, '60', 'THIRUVALLURCOURT-PETROLBUNK'),
(482, '60', 'GOVTHOSPITAL'),
(483, '60', 'OILMILL'),
(484, '60', 'MANAVALANAGAR'),
(485, '60', 'THIRUMAZHISAI'),
(486, '60', 'SVCE'),
(487, '1', 'VELLAYANCHETTYSCHOOL'),
(488, '2', 'TVKPARK'),
(489, '3', 'SILVERSTARHOTEL'),
(490, '3/6', 'TVKPARK'),
(491, '4', 'PERAMBURRLYSTN'),
(492, '7', 'MKBNAGAR'),
(493, '8', 'ANNASTATUE'),
(494, '9', 'LUCASTVS'),
(495, '10', 'LUCASTVS'),
(496, '11', 'LOTUSCOLONY'),
(497, '11/', 'W.DEPOT'),
(498, '12', 'THIRUMANGALAMSIGNAL'),
(499, '13', 'LUCASTVS'),
(500, '14', 'HIGHCOURT'),
(501, '15', 'APOLLOHOSPITAL'),
(502, '16', 'NOORHOTEL'),
(503, '17', 'MOOLAKADAI'),
(504, '17/', 'RETTERI'),
(505, '20', 'THIRUMANGALAMSIGNAL'),
(506, '21', 'GOSHAHOSPITAL'),
(507, '22', 'YELLOWPAGES'),
(508, '23', 'SANTHOME'),
(509, '24', 'YELLOWPAGES'),
(510, '25', 'DONBOSCO'),
(511, '27', 'PILLAIYARKOIL'),
(512, '28', 'TIRUVANMIYUR-HOTCHIP'),
(513, '29', 'SRPTOOLS'),
(514, '30', 'MEPZ'),
(515, '31', 'MADIPAKKAMB.S'),
(516, '32', 'MUSICACADEMY'),
(517, '33', 'YELLOWPAGES'),
(518, '34', 'MEENAMBAKKAM'),
(519, '34A', 'MANGADUPATTURKOOTROAD'),
(520, '35', 'SAIDAPET'),
(521, '36', 'MEDAVAKKAMKOOTROAD'),
(522, '37', 'KOVILAMBAKKAM'),
(523, '38', 'MADIPAKKAM'),
(524, '39', 'MARAIMALAINAGAR'),
(525, '40', 'AAVICHISCHOOL'),
(526, '41', 'NEXTTONEELMETALPROCESSINGUNITBUSSTOP'),
(527, '42', 'CIPET'),
(528, '43', 'ASHOKPILLAR'),
(529, '44', 'NAGESHTHEATRE'),
(530, '45', 'KRISHNAVENITHEATRE'),
(531, '46', 'NAGESHTHEATRE'),
(532, '47', 'NAGESHTHEATRE'),
(533, '48', 'VANIMAHAL'),
(534, '49', 'ASHOKPILLAR'),
(535, '50', 'TCS'),
(536, '51', 'VANIMAHAL'),
(537, '52', 'ANNASTATUE'),
(538, '53', 'NAGESHTHEATRE'),
(539, '55', 'SAKTHINAGAR'),
(540, '56', 'HOUSINGBOARD'),
(541, '57', 'HOUSINGBOARD'),
(542, '58', 'MILITARYROAD'),
(543, '60', 'PATTABIRAM-GANDHINAGAR');

-- --------------------------------------------------------

--
-- Table structure for table `users`
--

CREATE TABLE `users` (
  `id` int(5) NOT NULL,
  `name` varchar(50) NOT NULL,
  `college_name` varchar(50) NOT NULL,
  `email_id` varchar(50) NOT NULL,
  `phone_no` varchar(15) NOT NULL,
  `department` varchar(30) NOT NULL DEFAULT 'App',
  `year` varchar(20) NOT NULL DEFAULT '0',
  `auth_token` varchar(10) NOT NULL,
  `password` varchar(256) NOT NULL,
  `time` timestamp NOT NULL DEFAULT CURRENT_TIMESTAMP
) ENGINE=InnoDB DEFAULT CHARSET=latin1;

--
-- Dumping data for table `users`
--

INSERT INTO `users` (`id`, `name`, `college_name`, `email_id`, `phone_no`, `department`, `year`, `auth_token`, `password`, `time`) VALUES
(11, 'Sudharshan', 'SRI VENKATESWARA COLLEGE OF ENGINEERING', 'sudharshanthegr8@gmail.com', '9840047046', 'CSE', '3', '', 'c4e189db571855caa9209a22144a200a4c0a45b6', '2016-09-09 15:37:16'),
(12, 'Ganesh Jayaraman', 'SRI VENKATESWARA COLLEGE OF ENGINEERING', 'ganeshjayaram7915@gmail.com', '9551207484', 'CSE', '3', '', '74e51ff2de369cd1e002c25d2536cf1701c62d5b', '2016-09-09 16:15:03'),
(14, 'A. Vikkram', 'SRI VENKATESWARA COLLEGE OF ENGINEERING', 'vikkramanand@gmail.com', '9710960239', 'CSE', '3', '', '2c165d43a54dad72570d3ff168e2cddec6104e25', '2016-09-09 16:41:03'),
(15, 'Tarun', 'SRI VENKATESWARA COLLEGE OF ENGINEERING', 'tchinmai7@gmail.com', '9442159301', 'CSE', '4', '', '6061335e3017fb6e94dc8976ec85514c5d0522c9', '2016-09-10 15:47:55'),
(16, 'karthic', 'svce', 'redrageclan@gmail.com', '9003047834', 'CSE', '1', '', '3a1d93a5e044a402d14d41f0f8642444c82e05af', '2016-09-10 15:48:35'),
(17, 'Vijay Sai Thiagarajan', 'SRI VENKATESWARA COLLEGE OF ENGINEERING', 'TVijaySai@gmail.com', '9841034888', 'CSE', '3', '', '33a5b96235ca8347a7be4ec85bfa49cc03670117', '2016-09-10 15:58:23'),
(20, 'matty', 'svce', 'mathsank@gmail.com', '1234567890', 'App', '0', '1', 'c3b88250a77027a8191e34efa74a4cd9bd708b18', '2016-09-10 17:58:33'),
(21, 'matty', 'svce', 'matt@gmail.xom', '1239876455', 'App', '0', '1', '1fa59eebc9a92ebb097a521381572cc43b89917f', '2016-09-10 18:01:45'),
(22, 'manisha', 'svce', 'manisha1896@gmail.com', '9941631516', 'App', '0', '1', '5af9b30dfa5b0989612ca4d38de8634b99ffaf7f', '2016-09-13 10:41:05'),
(23, 'Chintan Jain', 'SRI VENKATESWARA COLLEGE OF ENGINEERING', 'jainchintan.96@gmail.com', '9840649444', 'CSE', '4', '', 'adf8eec54410023c2000f7b5b1bd5ff1b7557dd6', '2016-09-13 11:20:38'),
(24, 'yuvarani r', 'r.m.d engineering college', 'yuvaammu3@gmail.com', '9840595496', 'App', '0', '1', '1acd279395a1c2d6b45fcc1abc0aa94484c17329', '2016-09-13 12:00:30'),
(25, 'naresh', 'sri venkateswara college of engineering', 'nareshvelu96@gmail.com', '9789081263', 'App', '0', '1', '366373eaf2944128c18abb5481111cf6fd7fba34', '2016-09-14 16:13:46'),
(26, 'Mohammed sayim k', 'Rajalakshmi engineering college', 'sayim426@gmail.com', '9940853460', 'CSE', '2', '', 'b7c3539a3758c875eeb1317dd4a23e6c7dbbd5eb', '2016-09-14 17:13:19'),
(27, 'ROHITH.B', 'SAVEETHA ENGINEERING COLLEGE', 'rohithbuvanakumarbv@gmail.com', '9445102366', 'CSE', '3', '', '2b2642d60a61f852b55b240ef85002dc7ad7f35c', '2016-09-15 08:49:20'),
(28, 'SAI SOWMYA .S', 'SAVEETHA ENGINEERING COLLEGE', 'sowmila2311@gmail.com', '9445102366', 'CSE', '3', '', 'ebb1aa78a77c65990e4fc7b89890e045a924f603', '2016-09-15 08:50:30'),
(29, 'sathish s', 'SAVEETHA ENGINEERING COLLEGE', 'sathishshankar900@gmail.com', '8680909708', 'CSE', '3', '', '57fce02abb3ca269ae53acc4ba3011f7c266733f', '2016-09-15 08:50:59'),
(30, 'yeshwanth rohith ', 'SAVEETHA ENGINEERING COLLEGE', 'rohith.infobee@gmail.com', '9003029619', 'CSE', '3', '', '489f61bcdd2d9faa204e42f2506d36253813bb35', '2016-09-15 08:51:58'),
(31, 'adithya', 'SRI VENKATESWARA COLLEGE OF ENGINEERING', 'madithya2509@gmail.com', '9003124651', 'CSE', '1', '', 'f6a51c155d95861c35febb700cb661b34f4a85b5', '2016-09-15 09:27:16'),
(32, 'Thiruvenkatam R', 'SRI VENKATESWARA COLLEGE OF ENGINEERING', 'thirumuscat@gmail.com', '8754418378', 'CSE', '3', '', '0bf8cca5362661ee3089696f2b62af0b6a2df316', '2016-09-15 09:43:56'),
(33, 'HS', 'SVCE', 'vkharisiddarth16@gmail.com', '9444208726', 'CSE', '1', '', 'f6a51c155d95861c35febb700cb661b34f4a85b5', '2016-09-15 09:45:19'),
(34, 'adi', 'avce', 'adhikcm100495@gmail.com', '9445333300', 'CSE', '1', '', 'e1e6bb98854c2ea9202d811b0bab92cef2a5a0ce', '2016-09-15 16:14:45'),
(35, 'ragesh', 'saintgits college of engineering', 'ragesh10ten@gmail.com', '9986020125', 'CSE', '4', '', 'c0e9d1227563d71b26a837324b693adb57ae003c', '2016-09-15 16:17:16'),
(36, 'Girish Shanmugam', 'SRI VENKATESWARA COLLEGE OF ENGINEERING', 's.girishshanmugam@gmail.com', '9566646916', 'CSE', '1', '', '9bc0672cd18285d2a8c1e5ecb9617e385ee17c36', '2016-09-15 16:37:26'),
(37, 'Varun Elangovan', 'NIT Trichy', 's.e.varun@gmail.com', '9962768289', 'CSE', '3', '', '5700b6c6507e194951f6b5a1624c847b10e26314', '2016-09-15 19:10:53'),
(38, 'SANGEETH KUMAR', 'SRI VENKATESWARA COLLEGE OF ENGINEERING', 'kumarsangeeth4@gmail.com', '9444582301', 'CSE', '4', '', '0eb4e14e3a0af58fa4769fdad43ec79f52abfcdb', '2016-09-16 07:30:19'),
(39, 'b.abinaya', 'SRI SAIRAM ENGINEERING COLLEGE', 'abinaya199617@gmail.com', '9176252474', 'IT', '3', '', 'e45869fb49fa241eb02641a2fcd846c586934f1b', '2016-09-16 12:19:31'),
(40, 'G.Saravanan', 'S.A. ENGINEERING COLLEGE', 'mail2sharavana@gmail.com', '8608969928', 'CSE', '4', '', 'c2bab4333e93b1cbb3e9f3750567c117b17bab88', '2016-09-16 13:44:49'),
(41, 'G.Sundaramurthy', 'S.A. ENGINEERING COLLEGE', 'murthycse46@yahoo.com', '8056063734', 'CSE', '4', '', '7fa1cc686b44f00089698cfe982178b5a6bfde8f', '2016-09-16 13:47:19'),
(42, 'joshua praveen kumar', 'JAYA ENGINEERING COLLEGE', 's.joshuasolomon@yahoo.in', '8754413149', 'IT', '1', '', 'a1d63d2c76674ed23069e9d9bfca3cc2c2300596', '2016-09-16 14:31:00'),
(43, 'karthickraja', 'JAYA ENGINEERING COLLEGE', 'udayakarthick@gmail.com', '8608626026', 'IT', '4', '', 'd7686a72ef9daefe4a753624e08ff40d0da8737d', '2016-09-16 14:33:10'),
(44, 'R.ABINAYA', 'SRI SAIRAM ENGINEERING COLLEGE', 'shyrams1346@gmail.com', '9940419139', 'ECE', '2', '', '23e41d37c39d6a5ab80f4257522f368f3200cfae', '2016-09-16 15:01:59'),
(45, 'T.R. ANANDA PRIYA', 'SRI SAIRAM ENGINEERING COLLEGE', 'anandapriyawin@gmail.com', '9444777789', 'ECE', '2', '', '7fd6261e74008795189c8c2f533154a14b91a017', '2016-09-16 15:04:47'),
(46, 'M.S.AKSHAYA', 'SRI SAIRAM ENGINEERING COLLEGE', 'akshayasairamesh@gmail.com', '9176452687', 'ECE', '2', '', '129f086108411ff74166ed30a6d78738ca2e2f8d', '2016-09-16 15:06:49'),
(47, 'M.AKSHAIYA', 'SRI SAIRAM ENGINEERING COLLEGE', 'akshaiyamohan@gmail.com', '8189839965', 'ECE', '2', '', '0f8b3741d6173f5e99429ac3007a72321826e668', '2016-09-16 15:08:36'),
(48, 'Banusree.M', 'MEENAKSHI SUNDARARAJAN ENGINEERING COLLEGE', 'banumohan.10@gmail.com', '9940183108', 'CSE', '4', '', 'f9a4fa8fac928deeb33e0d472a905d7c9dc70523', '2016-09-16 15:35:05'),
(49, 'Arul Thileeban S', 'SSN College of Engineering', 'arulthileeban023@gmail.com', '8754219327', 'CSE', '2', '', '3d1c386d86edaa633e23c8ab22393f34b9d2e020', '2016-09-16 18:29:40'),
(50, 'NATCHAMMAI  M', 'MEPCO SCHLENK ENGINEERI', 'mnatchammai1996@gmail.com', '9842894134', 'EEE', '3', '', '695c19d1cf068b2ebada089315044013b97eb34a', '2016-09-17 12:14:29'),
(51, 'C.Sindhu', 'UNIVERSITY COLLEGE OF ENGINEERING, TIRUCHIRAPPALLI', 'sindhuchinniah07@gmail.com', '9943024350', 'CSE', '3', '', '1ad4f6ecd500141d50f240d23976860fec557139', '2016-09-17 15:16:22'),
(52, 'sangeetha.N', 'DHAANISH AHMED COLLEGE OF ENGINEERING', 'sangeethanakkeeran@gmail.com', '9751430069', 'CSE', '4', '', '7f9395bb78b0ca63d344f2f378291dc50c0a6f84', '2016-09-17 18:02:11'),
(53, 'Maruthi Adithya G', 'ST.JOSEPH-S COLLEGE OF ENGINEERING', 'maruthi12@ymail.com', '9789857258', 'CSE', '1', '', '1445e138dd948e0d0412289d6b0eec4e33bec73f', '2016-09-18 02:02:38'),
(54, 'Shiva Prakash.S', 'RAJALAKSHMI ENGINEERING COLLEGE', 's.shivaprakash29@gmail.com', '9840014259', 'IT', '3', '', 'c344e1497e1295549600c55da7ac99850eb97228', '2016-09-18 02:34:30'),
(55, 'Dhivya', 'ADHIPARASAKTHI ENGINEERING COLLEGE', 'saidhivya1996@gmail.com', '9443238850', 'IT', '4', '', '2d1509d5dd7e5ed25971410c8e811f11b1b01928', '2016-09-18 05:29:15'),
(56, 'Pooja V', 'RMK Enginnering college', 'poojav1997@gmail.com', '9176566353', 'CSE', '3', '', '713241b47c5135124c0c591a4aa229ac499af207', '2016-09-18 05:54:01'),
(57, 'M.Anitha', 'RMD Engineering College', 'mlanitha13@gmail.com', '9884604578', 'CSE', '3', '', 'f027fa53d383e5ae48419e47031a5cc0edbb1973', '2016-09-18 08:15:14'),
(58, 'D.Abinaya', 'RMD Engineering College', 'abinayatamil27@gmail.com', '7502435591', 'CSE', '3', '', 'f309562f0db5133c8ba172da48f8087d5a09bf47', '2016-09-18 08:17:20'),
(59, 'Ruchit M Jain', 'Misrimal Navajee Munoth Jain Engineering College', 'ruchit.jain74747@gmail.com', '9840318409', 'CSE', '3', '', '41da8ebc34a6ced48e33644128137993bb839cd5', '2016-09-18 09:10:19'),
(60, 'M.Harivignesh', 'Jerusalem College of Engineering', 'haribomi214@gmail.com', '8754139288', 'CSE', '3', '', '7b65788579ac2650b064aa969e8e466f0c9dab04', '2016-09-18 11:36:58'),
(61, 'S.Sai Shruthi', 'SRI SAIRAM ENGINEERING COLLEGE', 'shruthi1196@gmail.com', '9444808795', 'IT', '3', '', '7a97ecf0c8e3997fa5414fb210296f558d865f45', '2016-09-18 11:43:57'),
(62, 'Nikhil Kumaran.S', 'SRI VENKATESWARA COLLEGE OF ENGINEERING', 'nikhil.kumaran.2011@gmail.com', '9962142337', 'CSE', '2', '', 'fa652d116f67067ece5ca65b62a0d2450d25126b', '2016-09-18 13:13:42'),
(63, 'G.Srividhya', 'RAJALAKSHMI ENGINEERING COLLEGE', 'pooja.choki@gmail.com', '9791596228', 'CSE', '3', '', 'f5def694b8d3a4924755b72d44e90d4de63539fd', '2016-09-18 14:01:56'),
(64, 'Priyadharshni.K', 'RAJALAKSHMI ENGINEERING COLLEGE', 'k.priyadharshni.1996@gmail.com', '9791494685', 'CSE', '3', '', 'a7f424b73dc4723a3c9541b70a951748a3565824', '2016-09-18 14:06:03'),
(65, 'Janani Srinivasan', 'RAJALAKSHMI ENGINEERING COLLEGE', 'janani.tharasri@gmail.com', '9551565858', 'IT', '2', '', '7c443e4e28b63efc9eab2d27880ac3670d73b837', '2016-09-18 14:48:42'),
(66, 'RAJKUMAR S', 'EASWARI ENGINEERING COLLEGE', 'rajkumar.df54@gmail.com', '8754434803', 'CSE', '4', '', 'aab7834bf94a3da30ce5af278c300e05ce35caee', '2016-09-18 16:07:49'),
(67, 'Ashok Raja', 'RMK Engineering College', 'ashokkrishnan23@gmail.com', '9094533422', 'CSE', '4', '', '7b9de1de5fc9e4672af333c1548bd64ed0096b6e', '2016-09-18 17:54:12'),
(68, 'Tarun J', 'SRM University', 'tarunraghavan360@gmail.com', '9952034177', 'CSE', '3', '', 'aa5b92392050d336bea87cb4a513a71909e8ce64', '2016-09-18 18:36:19'),
(69, 'saddsadas', 'sadsadasd', 'resdsd@DADASADDASADS.COM', '9003047834', 'CSE', '1', '', '765caa80c6b53f1655c8c1dfa48106046e0f5b15', '2016-09-19 08:11:02'),
(70, 'Raxana Shanmugavel', 'UNIVERSITY COLLEGE OF ENGINEERING, TIRUCHIRAPPALLI', 'raxanashanmugavel0602@gmail.com', '7373824769', 'CSE', '3', '', '1ad4f6ecd500141d50f240d23976860fec557139', '2016-09-19 09:15:17'),
(71, 'Sureka Raja', 'UNIVERSITY COLLEGE OF ENGINEERING, TIRUCHIRAPPALLI', 'swetharaja97@gmail.com', '9710062203', 'CSE', '3', '', '83553ea1d364fdef1da63dc74440e9b7a34adcb5', '2016-09-19 09:18:20'),
(72, 'sad', 'ada', 'redrageclan1@gmail.com', '9823232133', 'CSE', '1', '', '3a1d93a5e044a402d14d41f0f8642444c82e05af', '2016-09-19 12:05:40'),
(73, 'kethsiyal.S', 'KINGS ENGINEERING COLLEGE', 'kethsi.selvaraj@gmail.com', '9087581164', 'CSE', '3', '', 'f6e514b34f2c1882f1a22473367ccc1c1be5fca6', '2016-09-19 14:24:30'),
(74, 'Abitha ben.R', 'KINGS ENGINEERING COLLEGE', 'abitha.ruban1996@gmail.com', '9884423200', 'CSE', '3', '', '8adc162a3ce436542eb3ec19e6ce5b3508b3d926', '2016-09-19 14:26:47'),
(75, 'Santhosh', 'SUGUNA COLLEGE OF ENGINEERING', 'ssk851831@gmail.com', '8189990336', 'CSE', '1', '', 'f31ab9062e333c2a530cf79e76134ece3edb66db', '2016-09-19 14:38:54'),
(76, 'Ajith', 'MEENAKSHI COLLEGE OF ENGINEERING', 'ajithcpas@gmail.com', '8056195316', 'CSE', '4', '', '5c25f198f227949a4977a99b795cc59354b542b6', '2016-09-19 14:45:12'),
(77, 'Dineshkumar', 'PANIMALAR ENGINEERING COLLEGE', 'dinesh11mail@gmail.com', '9786737148', 'ECE', '2', '', '1be5ef96e72e9a60ff2257b4799f93beab1b0f78', '2016-09-19 15:49:22'),
(78, 'S K KARTHICK ARAVINDAN', 'EASWARI ENGINEERING COLLEGE', 'karthickaravindan@gmail.com', '8939286759', 'CSE', '4', '', 'cdb22d3a7a4537ba4fb26f42383c0f4280fb45db', '2016-09-19 16:38:10'),
(79, 'S.Sowndaya Sri', 'MEENAKSHI SUNDARARAJAN ENGINEERING COLLEGE', 'sowndaryasri910@gmail.com', '9791006838', 'IT', '3', '', '9332bb0f3be156006b83c45c488eaeec0450d8b1', '2016-09-19 17:12:52'),
(80, 'S. Sowndarya Sri', 'MEENAKSHI SUNDARARAJAN ENGINEERING COLLEGE', 'sanvasu68@yahoo.com', '9791006838', 'IT', '3', '', '9332bb0f3be156006b83c45c488eaeec0450d8b1', '2016-09-19 17:16:39'),
(81, 'Kavin Seenu', 'SRI VENKATESWARA COLLEGE OF ENGINEERING', 'kavinseemu@gmail.com', '9500061282', 'CSE', '4', '', '072eca3896c03e74d28d38f1eb49d122b85da71b', '2016-09-20 08:24:47'),
(82, 'B.udaykumaar', 'jnn', 'budayakumar30@jnn.edu.in', '8870710902', 'CSE', '4', '', '7aa1fd6d1a256a895e85192ea6e3ce9b9b582135', '2016-09-20 08:41:05'),
(83, 'K.THARNY', 'Sri Sai Ram Engineering College', 'k.tharny@gmail.com', '9952503551', 'IT', '3', '', 'fa62d07876162af5dfea61e3c70b606e1e1929cf', '2016-09-20 09:08:28'),
(84, 'kreethika', 'SRI SAIRAM ENGINEERING COLLEGE', 'kreethikabama@gmail.com', '9566017647', 'IT', '3', '', '3f304c79046056ea6d774ac1ce23fa1e332034eb', '2016-09-20 10:08:57'),
(85, 'NAVEENA.A', 'UNIVERSITY COLLEGE OF ENGINEERING, PATTUKKOTTAI', 'naveenamonisha31@gmail.com', '7868012886', 'CSE', '2', '', '5c700eea477bc9c310c36496082e280582096fc2', '2016-09-20 10:48:02'),
(86, 'ANUSHA N', 'UNIVERSITY COLLEGE OF ENGINEERING, PATTUKKOTTAI', 'anunadarajan98@gmail.com', '9043810276', 'CSE', '2', '', '1f7d87cfd7b936e6c00dc0d0687475e4e5fd7dc1', '2016-09-20 10:49:04'),
(87, 'SATHEESH M', 'UNIVERSITY COLLEGE OF ENGINEERING, PATTUKKOTTAI', 'satheeshmk33@gmail.com', '8870373922', 'CSE', '2', '', '50d0ed2e92407427d87eeee233b3f9f064bd05d0', '2016-09-20 10:51:26'),
(88, 'ISAIGOKUL .U', 'UNIVERSITY COLLEGE OF ENGINEERING, PATTUKKOTTAI', 'isaigokul682@gmail.com', '9677555598', 'CSE', '2', '', 'a4be3370d87f36b0f5fcfada523b3d9557b3814d', '2016-09-20 10:53:11'),
(89, 'PACHIYAPPAN.R', 'UNIVERSITY COLLEGE OF ENGINEERING, PATTUKKOTTAI', 'pachiyappan.ravi@gmail.com', '9488215609', 'CSE', '2', '', '505fd8d43dd1f11476423215a868b24b64f82367', '2016-09-20 10:54:50'),
(90, 'KARVANNAN.N', 'UNIVERSITY COLLEGE OF ENGINEERING, PATTUKKOTTAI', 'kovendhan98@gmail.com', '9894599816', 'CSE', '2', '', 'c5187eeb121bb61d52434eb3133474fd001e3ec2', '2016-09-20 10:56:59'),
(91, 'aahaan', 'abc', 'abc@gams.com', '1234567891', 'App', '0', '1', '5af9b30dfa5b0989612ca4d38de8634b99ffaf7f', '2016-09-20 12:23:16'),
(92, 'ramya', 'THIAGARAJAR COLLEGE OF ENGINEERING (AUTONOMOUS)', 'ramyaselvaraj10@gmail.com', '9626149896', 'CSE', '1', '', '90faa12ee11187e95bddab95887052fbe580a3e6', '2016-09-20 12:37:12'),
(93, 'SATISH KUMAR D', 'DHANALAKSHMI COLLEGE OF ENGINEERING', 'satishkumar.kv1@gmail.com', '9677137048', 'CSE', '4', '', 'cea3684d14ceca1c141b9bd63596adc5b96c5f64', '2016-09-20 12:57:26'),
(94, 'SRUTHI K', 'DHANALAKSHMI COLLEGE OF ENGINEERING', 'sruthikrishnan194@gmail.com', '7845304891', 'CSE', '4', '', '913b82f3c99463e9445358833c6d1bdce0fa2439', '2016-09-20 13:03:34'),
(95, 'Priyanka Sekar', 'SRI SAIRAM ENGINEERING COLLEGE', 'prinkucool@gmail.com', '9382217619', 'IT', '3', '', '6bd762dc204731024ae1cbd2acb0b73cff173058', '2016-09-20 13:30:48'),
(96, 'Dinesh Kumar.K', 'RMK COllege of engineering and technology', 'dinu6796@gmail.com', '7338836796', 'CSE', '3', '', '29dc5fadf151dbbc46783ae834904515ae1d4634', '2016-09-20 14:42:36'),
(97, 'Siddarth kumar', 'SRI VENKATESWARA COLLEGE OF ENGINEERING', 'siddarthkumar1.sk@gmail.com', '9841289603', 'CSE', '4', '', 'f776f08134677915858034ae6c8442a98885200c', '2016-09-20 15:07:37'),
(98, 'jagadeesan h', 'svce', 'jagadeesanharikumar@gmail.com', '9176596706', 'App', '0', '1', '651f254faa9703c5ffa585982497a4c1bf4fcbb3', '2016-09-20 15:28:28'),
(99, 'Varsha ', 'SRI VENKATESWARA COLLEGE OF ENGINEERING', 'ramakrishnan.varsha@gmail.com', '9840521700', 'CSE', '3', '', 'f6a51c155d95861c35febb700cb661b34f4a85b5', '2016-09-20 15:35:46'),
(100, 'vasumathi', 'SRI VENKATESWARA COLLEGE OF ENGINEERING', 'vasumathi96@gmail.com', '8939678409', 'CSE', '3', '', 'df0eb12f0fcedbfaebc824476ef808fc3a838989', '2016-09-20 15:44:01'),
(101, 'Kaushik', 'Rmk college of engineering and technology', 'kaushiksathish1996@gmail.com', '9952827440', 'CSE', '3', '', 'adbd25746bc9dd28517427eb9c40de2af6e170c4', '2016-09-20 15:46:53'),
(102, 'Subashini.I', 'EASWARI ENGINEERING COLLEGE', 'suba.inban@gmail.com', '9489465699', 'CSE', '3', '', '5ef29acaf14e263933704449036d83fec209a97f', '2016-09-20 15:53:58'),
(103, 'Rahul', 'SRI VENKATESWARA COLLEGE OF ENGINEERING', 'raul149.rv@gmail.com', '9003288900', 'CSE', '4', '', '6d9b1037f6391c89b0ae7aff145ecc20cdb5dfb3', '2016-09-20 16:23:17'),
(104, 'Vishaal S', 'KCG COLLEGE OF TECHNOLOGY ', 'vishaalstalinselvasekaran@gmail.com', '9094173200', 'CSE', '3', '', 'd9c8574aff3333bf4afb3e2258aeb619995ce218', '2016-09-20 16:31:57'),
(105, 'Shalika', 'SRI VENKATESWARA COLLEGE OF ENGINEERING', 'fireboltshali@gmail.com', '8939004787', 'CSE', '3', '', '156ed1bb834bcd3cc7973556ffaf8693ac0d9ecb', '2016-09-20 16:39:14'),
(106, 'Saran Balaji C', 'VELAMMAL ENGINEERING COLLEGE', 'csaranbalaji@gmail.com', '9445681035', 'CSE', '3', '', '3b58d208660aa9f4f8f5c071188b0a679dbdbcc9', '2016-09-20 16:53:18'),
(107, 'Nikhil Ramesh Murthy', 'BMSCE', 'abnik69@gmail.com', '7259254629', 'ECE', '3', '', '4052a6da0f07c704c84e9edb8156317ba8cb3846', '2016-09-20 16:54:15'),
(108, 'Anirudh', 'NIT-Trichy', 'anirudh.jan97@gmail.com', '8939257836', 'CSE', '1', '', 'fa5d35aeb88823f4c1d1e7d49826611e24b00afc', '2016-09-20 16:59:50'),
(109, 'Rishabraj Dhariwal', 'NIT Trichy', 'rishab9797@gmail.com', '8122842729', 'CSE', '3', '', '5af621b77d2180082134798528653d51ef2ee5ac', '2016-09-20 17:04:06'),
(110, 'k vishnupriya', 'panimalar engineering college', 'kumaranvishnupriya@yahoo.com', '8056224315', 'App', '0', '1', '8348fa92d378e7986f2d13b20f9aacc9591a2edc', '2016-09-20 17:08:25'),
(111, 'Popescu Mihai', 'Romania', 'mishu.arad@gmail.com', '9995556661', 'IT', '4', '', '686fa053cd39ae5c04b3b45f90a883f11a6fe3b2', '2016-09-20 17:20:46'),
(112, 'Sreeranjani R', 'MEENAKSHI COLLEGE OF ENGINEERING', 'ranjani.hanu@gmail.com', '9566106199', 'CSE', '4', '', 'fa55333713aa85133bc272aaef08fae92762aa38', '2016-09-20 18:32:52'),
(113, 'Imayavaramban R', 'RMK Engineering College', 'intellectualimay@gmail.com', '9500881944', 'CSE', '4', '', '2adca1649117bc92c8815a334dd456c338dc08dc', '2016-09-20 20:10:49'),
(114, 'Shivani G', 'RAJALAKSHMI ENGINEERING COLLEGE', 'shivanigkrishnan@gmail.com', '9790646376', 'IT', '3', '', 'd7301063c0aa18941598273909af68742031c52d', '2016-09-20 21:14:10'),
(115, 'Haripriya V', 'ST.JOSEPH-S COLLEGE OF ENGINEERING', 'haripriyavenkat57@gmail.com', '8144252409', 'CSE', '4', '', 'd8b12aec65484251a219843d5f0a9fcde85fff65', '2016-09-21 00:06:15'),
(116, 'balamurugan s m', 'SRI SAIRAM ENGINEERING COLLEGE', '96bala@gmail.com', '9840377587', 'CSE', '3', '', '2b0135c6fdd6b9149f2f8cecc799243a85b95aa5', '2016-09-21 08:52:53'),
(117, 'feroz muhaiyadeen', 'SRI SAIRAM ENGINEERING COLLEGE', 'ferozmuhaiyadeen@gmail.com', '9566213132', 'CSE', '3', '', '61c80f38a32351eb4439f6fc20980bff217b0104', '2016-09-21 09:02:04'),
(118, 'pavithra dhamodhar raju', 'MAHALAKSHMI ENGINEERING COLLEGE', 'pathyoung97@gmail.com', '7339057735', 'CSE', '2', '', '40a6c517ba098e62bd6cd9e5dd91f628e9bb8504', '2016-09-21 10:43:35'),
(119, 'Mugesh ', 'R.M.K. ENGINEERING COLLEGE', 'mugeshshanmugavel@gmail.com', '9952744908', 'CSE', '4', '', 'e22d5128de82ad9b94338b64c6b6efa8b54aa190', '2016-09-21 11:14:10'),
(120, 'Mugesh ', 'R.M.K. ENGINEERING COLLEGE', 'mugeshshan123@gmail.com', '9952744908', 'CSE', '4', '', '9d4975b76bef02526043cdd2fd5ceaba953dd957', '2016-09-21 11:19:48'),
(121, 'G.KEERTHANA', 'KONGU ENGINEERING COLLEGE (AUTONOMOUS)', 'keerthi20011999@gmail.com', '9095013937', 'EEE', '2', '', 'b4913edaa9ff89b5ab3f675145fca3c33aad9f3a', '2016-09-21 11:35:40'),
(122, 'Aparna Lavanya K', 'R.M.D. ENGINEERING COLLEGE', 'aparnalavanyak@gmail.com', '9884895117', 'CSE', '4', '', '7441b46a3c05024f51d22142aba87b357c0f09d4', '2016-09-21 12:35:06'),
(123, 'R DIVYA BHARATHI', 'JERUSALEM COLLEGE OF ENGINEERING', 'divyaraja1602@gmail.com', '9551048847', 'CSE', '4', '', 'b6bc3af6a83930f933d4cb189e27a5c5c1ba82c0', '2016-09-21 13:21:18'),
(124, 'S KEERTHANA', 'JERUSALEM COLLEGE OF ENGINEERING', 'keerthana95suresh@gmail.com', '9952924392', 'CSE', '4', '', 'c9089bbd02be76620ba99a08c9f2c37220330a7d', '2016-09-21 13:23:39'),
(125, 'MANASA M', 'JERUSALEM COLLEGE OF ENGINEERING', 'groundwaterengineers@gmail.com', '9094982549', 'CSE', '4', '', '3f3663760d16cdc0d7e1e24b4158dd38445689f0', '2016-09-21 13:27:22'),
(126, 'MANISHA P', 'JERUSALEM COLLEGE OF ENGINEERING', 'manishaprem5695@gmail.com', '9566256011', 'CSE', '4', '', '9c688d5de226a34f0a8a144fef60f189a04b6c62', '2016-09-21 13:28:39'),
(127, 'ARUN KUMAR R', 'JERUSALEM COLLEGE OF ENGINEERING', 'arun.sa95@gmail.com', '7200258193', 'CSE', '4', '', '0b1eb06e89394e1de5f23d8580bc6782b822cd10', '2016-09-21 13:29:46'),
(128, 'Arul Antony.A', 'Sathyabama Institute of Science and Technology', 'arulbabool@gmail.com', '9500940568', 'MEC', '2', '', '846dfe07de8ece40163318406aa5a84511650f35', '2016-09-21 13:59:29'),
(129, 'santhosh', 'SUGUNA COLLEGE OF ENGINEERING', 'sssk851831@gmail.com', '8189990336', 'CSE', '1', '', 'f31ab9062e333c2a530cf79e76134ece3edb66db', '2016-09-21 14:03:36'),
(130, 'Aparna', 'ST.JOSEPH-S COLLEGE OF ENGINEERING', 'snaparna26@gmail.com', '7299011751', 'CSE', '4', '', 'b64d4c1f85ecb29fab87c4b6e18cdfef2051c7f8', '2016-09-21 14:04:29'),
(131, 'M.priyanka', 's.a engineering college', 'mp8008990@gmail.com', '7200372944', 'CSE', '3', '', 'a229b06d6c1a2613d817473dc40b4f240d29489d', '2016-09-21 14:20:50'),
(132, 'R.rakshana', 'S.A. ENGINEERING COLLEGE', 'rakshanaraju96@gmail.com', '8122451497', 'CSE', '3', '', '52b7c6cc811e5203a750b887c34f4582f07168f9', '2016-09-21 14:22:53'),
(133, 'P.monika', 'S.A. ENGINEERING COLLEGE', '1416068@saec.ac.in', '9941833859', 'CSE', '3', '', '81b0cecbe1ec99ee7694d4410923f27c8cd557dd', '2016-09-21 14:25:39'),
(134, 'M.monisha', 'S.A. ENGINEERING COLLEGE', '1416070@saec.ac.in', '9514165855', 'CSE', '3', '', '81b0cecbe1ec99ee7694d4410923f27c8cd557dd', '2016-09-21 14:28:03'),
(135, 'Abishek', 'Madras Institute Of Technology', 'abishekkumar2@gmail.com', '9443913699', 'CSE', '3', '', 'c746d04e31299ef7b6fbad73fa2db5789e2c1bf9', '2016-09-21 14:28:23'),
(136, 'G.rakshana', 'S.A. ENGINEERING COLLEGE', '1416098@saec.ac.in', '7812088588', 'CSE', '3', '', '81b0cecbe1ec99ee7694d4410923f27c8cd557dd', '2016-09-21 14:33:13'),
(137, 'YogeshPatil', 'BITS Pilani', 'yepatil@gmail.com', '9325119702', 'EEE', '4', '', 'a142d97054848073def8588768a47b7b17e3caa1', '2016-09-21 14:48:33'),
(138, 'pasupathy ch', 'valliammai engineering college', 'mail4pasupathy@gmail.com', '8531846800', 'App', '0', '1', '97ccad24d7dcf8e401918a2ba770805f182e24ed', '2016-09-21 15:02:43'),
(139, 'Pasupathy.Ch', 'VALLIAMMAI ENGINEERING COLLEGE', 'messi.leofc@gmail.com', '8531846800', 'CSE', '3', '', '97ccad24d7dcf8e401918a2ba770805f182e24ed', '2016-09-21 15:07:15'),
(140, 'Akaash Dev', 'ST.JOSEPH-S COLLEGE OF ENGINEERING', 'heatblast.akaash@gmail.com', '9840493603', 'CSE', '4', '', 'ba4af6bca24b958d4a9ab69f306f227bc235371c', '2016-09-21 15:14:38'),
(141, 'C.Arun Subramanian', 'ST.JOSEPH-S COLLEGE OF ENGINEERING', 'arun18296@gmail.com', '8939904111', 'CSE', '4', '', 'c4d8eb8a68adc6c07f648b42ad6410cecd9dedbc', '2016-09-21 15:15:20'),
(142, 'swapnil', 'nitb', 'joshisunny9@gmail.com', '9827803744', 'CSE', '4', '', 'ee242ca2b1f17fd11cba4c5a9c4c9fcecd351714', '2016-09-21 15:44:43'),
(143, 'chandra sekar', 'easwari engineering college', 'csekar28jun97@gmail.com', '8056039440', 'App', '0', '1', '6b88b9cade8a47069ce741a920afd21074b3dc8f', '2016-09-21 16:19:38'),
(144, 'ARUNACHALAM M', 'PANIMALAR ENGINEERING COLLEGE', 'arunmoorthy27@gmail.com', '9486432623', 'IT', '2', '', '531a2b07e5a5c83cf0cf9bc94f4b0ba2083a232a', '2016-09-21 16:33:00'),
(145, 'Harish', 'ST.JOSEPH-S COLLEGE OF ENGINEERING', 'harishx10@gmail.com', '9003315694', 'CSE', '3', '', 'f6b8b656d8e1dbeb6e5b8d941603608698760b1c', '2016-09-21 17:35:05'),
(146, 'Chrisilla', 'R.M.K. ENGINEERING COLLEGE', 'chrisilla7@gmail.com', '9884670617', 'CSE', '4', '', 'fc8ec558d84d51464d44e460192b9c4bc905d593', '2016-09-21 17:51:20'),
(147, 'A.Vishal', 'SSN college of engineering ', 'vishalananth@yahoo.co.in', '8754589030', 'CSE', '1', '', '3c34c1647071f4ff5c8d748fbd7411053fd88b94', '2016-09-21 17:54:44'),
(148, 'test', 'srm', 'test@tes.com', '9638527410', 'CSE', '1', '', 'f6a51c155d95861c35febb700cb661b34f4a85b5', '2016-09-21 18:01:46'),
(149, 'Akshaya', 'VELAMMAL ENGINEERING COLLEGE', 'akshayepriya@gmail.com', '8056108554', 'CSE', '4', '', '93e44144002201aae3d445a078f342dbff19a379', '2016-09-22 03:43:47'),
(150, 'Aditi Balaji', 'SVCE', 'itida.aditi@gmail.com', '8754711429', 'CSE', '3', '', '923c6d69c80a01d817af9741d2a46892fb245118', '2016-09-22 05:26:39'),
(151, 'Aarthi Ravindran', 'SRI VENKATESWARA COLLEGE OF ENGINEERING', 'ravindranaarthi@gmail.com', '9962729897', 'CSE', '3', '', '4b1f07076987b764ad23ff6193d05496c20d2e99', '2016-09-22 05:36:03'),
(152, 'Kalpana.P', 'EASWARI ENGINEERING COLLEGE', 'kalpana.17021997@gmail.com', '7401372192', 'CSE', '3', '', '8e32a074f7f8fc3fafef530981c6c19c7f2533f0', '2016-09-22 06:58:31'),
(153, 'Pallavi', 'EASWARI ENGINEERING COLLEGE', 'pallavijayaram@gmail.com', '9884860809', 'CSE', '3', '', '60bf402c52198fa57cf30c84cf77edf64fea8f62', '2016-09-22 06:59:57'),
(154, 'Dipika Rajesh', 'SRI VENKATESWARA COLLEGE OF ENGINEERING', 'dipika.rajesh1896@gmail.com', '9791144422', 'CSE', '3', '', '73da072148678bd905c055fb6397d44b59971b34', '2016-09-22 08:02:59'),
(155, 'Kaushik Narayanan', 'SSN College of Engineering', 'kaushiknarayanan37@gmail.com', '9629930231', 'CSE', '3', '', '20fd2f2d977809d56e80a0fe8f10bf5ea01c93fc', '2016-09-22 08:24:25'),
(156, 'Sruthi Priya', 'VELAMMAL COLLEGE OF ENGINEERING AND TECHNOLOGY', 'shruthipriya.sp@gmail.com', '9092563641', 'IT', '4', '', 'cf41d67fc217db8138f57ec5691e0fdc87ead587', '2016-09-22 09:00:43'),
(157, 'K.Srimathi', 'EASWARI ENGINEERING COLLEGE', 'k.srimathi7@gmail.com', '9094716550', 'CSE', '3', '', '1a28ebba220c874b6464ebca354c7cef880d2457', '2016-09-22 09:24:17'),
(158, 'sree vishnu', 'RAJALAKSHMI ENGINEERING COLLEGE', 'sreevishnu.s0411@gmail.com', '9840272773', 'CSE', '4', '', '2fea3c587695b4a73bd543e16f9fb2ae157c066d', '2016-09-22 09:45:50'),
(159, 'vicky', 'vicky', 'vicky@vicky.com', '9876543210', 'CSE', '4', '', 'ab0956624986cf0314238fa10c6b19dd7f62590f', '2016-09-22 10:38:35'),
(160, 'Pooja.M', 'SRI SAIRAM ENGINEERING COLLEGE', '1997poojamp@gmail.com', '9791629693', 'IT', '3', '', '66abe391fbbd6ce771b6904d335076d19da0f9b5', '2016-09-22 13:33:23'),
(161, 'Rajasekaran M', 'ST.JOSEPH-S COLLEGE OF ENGINEERING', 'raja.ms96@gmail.com', '9843121012', 'CSE', '4', '', '3ed776a4a90f9590fa8bc9de7a19961e642172a6', '2016-09-22 13:34:46'),
(162, 'Nandhinee.S', 'SRI SAIRAM ENGINEERING COLLEGE', 'nandhinee6197@gmail.com', '9003874921', 'IT', '3', '', '2ad76c610dd8f21fe1ae71d06c98d83a98fafe99', '2016-09-22 13:36:13'),
(163, 'Priya', 'SRI VENKATESWARA COLLEGE OF ENGINEERING', 'priyaashri@gmail.com', '9940025230', 'CSE', '3', '', 'a5639f624221c62f1708ed3b7878e3826562cc5e', '2016-09-22 13:47:05'),
(164, 'Keerthi ram', 'SRI VENKATESWARA COLLEGE OF ENGINEERING', 'keerthi.ram97@gmail.com', '9698331612', 'CSE', '3', '', 'b0e39e520e661a7ea1a986f99c78d90eb45e81c0', '2016-09-22 13:48:29'),
(165, 'Balamurali', 'RMK Eng College', 'murali4795@gmail.com', '8056232135', 'IT', '4', '', '4d27666c7f5ebc8f5627068d0a0ce865aa68ba1a', '2016-09-22 14:12:43'),
(166, 'shyaam kanna', 'VELAMMAL INSTITUTE OF TECHNOLOGY', 'gshyaamkanna@gmail.com', '9444000301', 'IT', '1', '', '9ab3f0490682e4acf83ffbe4cbf62155f5c2e694', '2016-09-22 14:19:11'),
(167, 'Vedant Pratap Singh Jadon', 'Manipal Institute of Technology, Manipal', 'vpsjdon@gmail.com', '8109222704', 'ECE', '1', '', '36d67ca273cd91375a1bb82ea91eec6d48b6ecdd', '2016-09-22 14:56:29'),
(168, 'Varsha', 'PANIMALAR ENGINEERING COLLEGE', 'psgvarsha@gmail.com', '9176271549', 'ECE', '3', '', '6a8e01b2ba14aea43b65c9a0bfd60fbf598edaec', '2016-09-22 16:00:34'),
(169, 'Reshma', 'PANIMALAR ENGINEERING COLLEGE', 'reshmamurali27@gmail.com', '9629995941', 'ECE', '3', '', '6a8e01b2ba14aea43b65c9a0bfd60fbf598edaec', '2016-09-22 16:03:05'),
(170, 'sanjana jain', 'college of engineering,guindy', 's.sanjana.jain@gmail.com', '9176509440', 'CSE', '4', '', 'cce800606ac74e555873be580a469f9ea0e6af49', '2016-09-22 16:06:59'),
(171, 'Abhijith Rajan', 'JEPPIAAR ENGINEERING COLLEGE', 'rajanabhijith@gmail.com', '7708207231', 'CSE', '3', '', '4fddd09ae3b8e539a1db879ef7bf1f8240cd7694', '2016-09-22 17:01:11'),
(172, 'sangeetha', 'RAJALAKSHMI INSTITUTE OF TECHNOLGY', 'sangeethasamy12@gmail.com', '8438980727', 'ECE', '3', '', '0bc47ae7f46c25d64bb8c5fe44c60c1548dbbc94', '2016-09-22 17:19:08'),
(173, 'Vaibhav Gupta', 'KNIT Sultanpur', 'vibhugarg1994@gmail.com', '8171117939', 'ECE', '4', '', '9f7cdff0fa4b2e67e4a69fc214dd07895ca72f44', '2016-09-22 17:39:06'),
(174, 'Arjun', 'JEPPIAAR ENGINEERING COLLEGE', 'arjunasarathy.m@gmail.com', '9444865287', 'CSE', '3', '', 'e6e8ae5c63a08d8c1b67a5c4f558480a43346abd', '2016-09-22 18:20:57'),
(175, 'POORNIMA V', 'ARULMIGU MEENAKSHI AMMAN COLLEGE OF ENGINEERING', 'haripoornithra@gmail.com', '9789020910', 'CSE', '2', '', '3a5102f418965bfd2ae7632805eda0c9dd8cda6b', '2016-09-22 19:01:00'),
(176, 'hari haran', 'sri venkateshwara college of engineering', 'hari2237918@gmail.com', '7598355884', 'App', '0', '1', '9d1d62275a493147b6cd9268afa4b2e5e5d340d0', '2016-09-23 02:36:22'),
(177, 'Ibrahim Badhusha', 'KUMARAGURU COLLEGE OF TECHNOLOGY (AUTONOMOUS)', 'ibrahimh2197@gmail.com', '9698088745', 'CSE', '3', '', '834cd4da5e3b9f54bb0017a0320349e6d51632f9', '2016-09-23 11:19:05'),
(178, 'Madhu Soodhan', 'SRI SAI RAM INSTITUTE OF TECHNOLOGY', 'funmonty@gmail.com', '9791085878', 'IT', '4', '', 'dadcfa58179decfccccbc5c5a2fb8442c6369a87', '2016-09-23 11:27:31'),
(179, 'Sonali', 'R.M.D. ENGINEERING COLLEGE', 'sonali1196@gmail.com', '8939428290', 'CSE', '3', '', 'bf4db5952ddfedb62ee72d1e713e348e47de1f9f', '2016-09-23 13:18:56'),
(180, 'Sushmitha ', 'R.M.D. ENGINEERING COLLEGE', 'sushmitharajini@gmail.com', '9840556574', 'CSE', '3', '', '164c75fdefbaa0f9bc8ece247be7df14ead5b945', '2016-09-23 13:21:10'),
(181, 'lokesh p', 'SRI SAI RAM INSTITUTE OF TECHNOLOGY', 'lokeshias039@gmail.com', '8939431645', 'CSE', '4', '', '7cced84c64c2c06f35accebad6a67bb4cdfb527b', '2016-09-23 14:09:34'),
(182, 'Ramprasad', 'MAAMALLAN INSTITUTE OF TECHNOLOGY', 'ramprasad9134@gmail.com', '9962606542', 'CSE', '2', '', '52c0fd15f64eadf29c3cdeec17a9c24b9cce14ed', '2016-09-23 15:26:10'),
(183, 'Nithesh', 'SRI VENKATESWARA COLLEGE OF ENGINEERING', 'nitheshmsd.1995@gmail.com', '9003207841', 'CSE', '4', '', '58521b2f5fb8d3fbae5f46b888208aec41d9cc73', '2016-09-23 15:34:06'),
(184, 'R.H.Sai Rakhshidha', 'ST.JOSEPH-S COLLEGE OF ENGINEERING', 'sai.rakhshidha.237@gmail.com', '8056089624', 'CSE', '3', '', '76a2fc8cf67b6c674a913d77025cb3c865c2a60c', '2016-09-23 16:07:28'),
(185, 'vasanth', 'grt institute of engineering and technology', 'vasanthravichandran.s@gmail.com', '9894151192', 'App', '0', '1', 'cea17cbc9bd02d51262c97be37e64a3951f764ba', '2016-09-23 17:17:34'),
(186, 'Rishikeshavan.R', 'Madras Institute of Technology', 'rishikeshavan13@gmail.com', '9894240270', 'MEC', '3', '', 'e91826e2cf400c358251c624a317b373a5c29035', '2016-09-23 17:43:55'),
(187, 'Naresh', 'EASWARI ENGINEERING COLLEGE', 'nareshconda1997@gmail.com', '9840704513', 'ECE', '2', '', '13159f40343095d2a938409ef6ab65f6d765e5e2', '2016-09-23 18:39:53'),
(188, 'Vijay', 'SRI VENKATESWARA COLLEGE OF ENGINEERING', 'carlvijay@gmail.com', '9566167115', 'CSE', '1', '', '7e68ebdd8a86f5eeaaba0af81b0321492ef1747b', '2016-09-23 18:51:10'),
(189, 'Gayathri Reddy', 'SRI VENKATESWARA COLLEGE OF ENGINEERING', 'gayathriselvadurai@gmail.com', '9789999409', 'CSE', '4', '', '5e67fe73926d553356dfdbfeac50105c825d94d0', '2016-09-24 04:19:30'),
(190, 'Gowtham S', 'SVCE', 'gowtham020296@gmail.com', '9551906624', 'CSE', '4', '', 'f6a51c155d95861c35febb700cb661b34f4a85b5', '2016-09-24 04:29:39'),
(191, 'Abhinayaa Arul', 'SRI VENKATESWARA COLLEGE OF ENGINEERING', 'abi.adhana@gmail.com', '7373335695', 'CSE', '4', '', 'f0c624fb539646fdcc26ee4a22451dbd746a73eb', '2016-09-24 05:16:16'),
(192, 'Anu sharmila', 'SRI VENKATESWARA COLLEGE OF ENGINEERING', 'anusharmila.saravanan@gmail.com', '9940620082', 'CSE', '4', '', '67ee791f762becffe171c8a77771fa315396fa7d', '2016-09-24 05:16:21'),
(193, 'Kowshalyaa JK', 'SRI VENKATESWARA COLLEGE OF ENGINEERING', 'kausalya2571998@gmail.com', '9003084106', 'IT', '2', '', 'd996caff48f62b972fd5eef523e870d24a40dd0b', '2016-09-24 05:30:37'),
(194, 's.deepananda arthi', 'jeppiaar srr engineering college', 'sdeepanandaarthis@gmail.com', '8695171338', 'CSE', '3', '', '18cbfb08fdd4ea75adb4297cf8d2c7f161e46d86', '2016-09-24 08:03:00'),
(195, 'varsha', 'velammal engineering college', 'varuvarsha52@gmail.com', '8489191120', 'IT', '3', '', 'f6a51c155d95861c35febb700cb661b34f4a85b5', '2016-09-24 08:29:04'),
(196, 'K.DHIVYA', 'IFET COLLEGE OF ENGINEERING', 'subam2008@gmail.com', '8148780577', 'CSE', '3', '', 'd425db83828944be3cb98457ea36bf7a76b2053f', '2016-09-24 11:14:02'),
(197, 'Nishanth karthik', 'ST.JOSEPH-S COLLEGE OF ENGINEERING', 'nisha.vishi@gmail.com', '9789824963', 'CSE', '2', '', '42f16086217cc4bb3c6072d2d6e536e3d97fa96f', '2016-09-24 11:33:24'),
(198, 'PAULSON MACLEAN M', 'MEENAKSHI COLLEGE OF ENGINEERING', 'paul.mac97@gmail.com', '7418031402', 'CSE', '3', '', 'c4fa7bec9649d310561748fe390bff490888fd97', '2016-09-24 12:14:09'),
(199, 'krishnakumar', 'RAJALAKSHMI ENGINEERING COLLEGE', 'krishnakumar31096@gmail.com', '7845733273', 'CSE', '3', '', '58883562a17494a6c5f712b9d6ede5b06b0be5a5', '2016-09-24 12:56:22'),
(200, 'JAYANTHI PALANICHAMY', 'RMK ENGINEERING COLLEGE', 'jaya14127.cs@rmkec.ac.in', '9500325712', 'CSE', '3', '', '5074ec34c2361ad345d3983348fa90532e7a4bce', '2016-09-24 13:08:46'),
(201, 'divyalekha', 'SRI VENKATESWARA COLLEGE OF ENGINEERING', 'divyalekhas99@gmail.com', '9445087208', 'CSE', '1', '', 'f6a51c155d95861c35febb700cb661b34f4a85b5', '2016-09-24 13:23:53'),
(202, 'R G SUDHA PARIMALA', 'SRI SIVASUBRAMANIYA NADAR COLLEGE OF ENGINEERING', 'bmwaudi247@gmail.com', '7299226960', 'CSE', '2', '', '45b9fcdcf8f54d537ee6947b248fd2c16155ef07', '2016-09-24 13:43:32'),
(203, 'Sneeha', 'SRI VENKATESWARA COLLEGE OF ENGINEERING', 'sneeha.ganesh@gmail.com', '7358922761', 'CSE', '3', '', '72ccc5cda3fd07f6dad0ee34100d997105e431d9', '2016-09-24 13:56:58'),
(204, 'Abdul Rajak Baig', 'JERUSALEM COLLEGE OF ENGINEERING', 'abdulrajakbaig@gmail.com', '8015307968', 'CSE', '3', '', '4e20561ddcfe3edef7dd7a6dd980372bef9198ef', '2016-09-24 14:43:05'),
(205, 'nivedha', 'JERUSALEM COLLEGE OF ENGINEERING', 'niveyrj4068@gmail.com', '8939214433', 'CSE', '3', '', 'f2f9fbf93f760ed2a1ef179c6d5277a382d4859d', '2016-09-24 14:55:27'),
(206, 'akshaya ug', 'JERUSALEM COLLEGE OF ENGINEERING', 'akshayaak.aa@gmail.com', '7395977083', 'BIO', '3', '', '3f1f821823500ae64e57676e4fdeb54f1bf8c63a', '2016-09-24 14:59:14'),
(207, 'meena', 'JERUSALEM COLLEGE OF ENGINEERING', 'meenathiruvalluvan@gmail.com', '9790866214', 'CSE', '3', '', '73c9949fcad9d474b0467f4e0902dfe348bae289', '2016-09-24 15:14:40'),
(208, 'sandhiya', 'JERUSALEM COLLEGE OF ENGINEERING', 'shalinipriyabe@2gmail.com', '9790752932', 'CSE', '3', '', '64db95a8a865b5af4f9713dd436daa482315ff4c', '2016-09-24 15:26:42'),
(209, 'shalinipriya', 'JERUSALEM COLLEGE OF ENGINEERING', 'sandhiya.siddhant@gmail.com', '9790148164', 'CSE', '3', '', '4af6ba793ab8d3047bd8a6c4e593a139dc9a07b1', '2016-09-24 15:30:57'),
(210, 'DIVYA.V', 'SASTRA UNIVERSITY', 'vdivya271098@gmail.com', '8015770200', 'CSE', '1', '', '8dfb497b4bce90f2ac4123bf796e6d20db315025', '2016-09-24 15:32:01'),
(211, 'VETRIVEL R', 'JERUSALEM COLLEGE OF ENGINEERING', 'vetriaji@gmail.com', '9087790139', 'EEE', '4', '', 'e06d13ff944ab25fce5151bbab61b560b74e7ccd', '2016-09-24 15:33:45'),
(212, 'GAJAPATHY P', 'RAJALAKSHMI ENGINEERING COLLEGE', 'gajapathy97@gmail.com', '9600543059', 'CSE', '3', '', '4fd11653dc02ebb6f97ab591de7e242293071ac4', '2016-09-24 15:43:31'),
(213, 'keshava priya', 'Bharath Institute of Higher Education and Research', 'Priya.chels97@gmail.com', '8939214433', 'CSE', '3', '', '2429a10cab3a7b09d7d0b04f25b0bafa8ccf6db4', '2016-09-24 15:46:40'),
(214, 'T.BASKAR', 'JERUSALEM COLLEGE OF ENGINEERING', 'baskar13091996@gmail.com', '8675522236', 'IT', '3', '', 'd2869058a0df50445703d3dc35b86d6242461fc2', '2016-09-24 16:52:55'),
(215, 'sivaraj', 'svce', 'sivarajfairlands@gmail.com', '8124656007', 'App', '0', '1', 'a78b1ff527e5a4d27dd816b5511ef268453ae585', '2016-09-24 17:18:48'),
(216, 'Vignesh', 'Mepco schlenk engineering college', 'mvignesh474@gmail.com', '9976935679', 'CSE', '3', '', '7388f09235a81bfef00ae64f9a0a33e7cd353565', '2016-09-24 17:23:32'),
(217, 'srivibhushanaa', 'sri venkateshvara', 'srivibhushanaa@gmail.com', '9500777851', 'App', '0', '1', 'c935bf4220456bcc3ea65ab623086f4b0e84d434', '2016-09-24 17:30:50'),
(218, 'Akshai R', 'SRI SAIRAM ENGINEERING COLLEGE', 'akshairamesh21@gmail.com', '7401336256', 'CSE', '3', '', 'c84f42e115bd748875e1b191449a3675d1e2fec6', '2016-09-24 17:48:11'),
(219, 'ajay kaarthic j', 'svce', 'ajaykarthikus@gmail.com', '9962592422', 'App', '0', '1', '5b684c3cc1c89b46ba7c4e8ad3240d6dd1102c70', '2016-09-25 05:41:48'),
(220, 'G Boomija', 'SRI SAIRAM ENGINEERING COLLEGE', 'boomija113@gmail.com', '9551710031', 'IT', '2', '', 'ad55761531c0ebac20e536540057a3b2502fc2d7', '2016-09-25 06:10:56'),
(221, 'D Archana', 'SRI SAIRAM ENGINEERING COLLEGE', 'archu2907.d@gmail.com', '8939900426', 'IT', '2', '', 'd9916a379eeda5e765028580322d1a7f37f7d6bf', '2016-09-25 06:12:09'),
(222, 'D.STELLA', 'B.S.ABDUR RAHMAN UNIVERSITY', 'stelladavies29@gmail.com', '8870797452', 'CSE', '3', '', '135925d9078125fe5300d39af88a2e1d08419bae', '2016-09-25 07:16:11'),
(223, 'G SowmiyaNarayanan', 'SRI VENKATESWARA COLLEGE OF ENGINEERING', 'gsowmiyanarayanan@gmail.com', '9042759053', 'EEE', '3', '', '2370c69ba308f8061172445d2bcb29f483923d84', '2016-09-25 07:42:04'),
(224, 'sivasubramaniyan', 'svce', 'rockstarssiva@gmail.com', '9600252381', 'App', '0', '1', '3e4bbbf7be43a3e3ad3184b4a5c82aac5aeb4740', '2016-09-25 07:53:03'),
(225, 'D.STEFFY', 'B.S.ABDUR RAHMAN UNIVERSITY', 'steffydavies29@gmail.com', '9940422988', 'CSE', '3', '', '135925d9078125fe5300d39af88a2e1d08419bae', '2016-09-25 10:00:33'),
(226, 'L.Brindha', 'jeppiaar Srr engineering college', 'brindhabindu97@gmail.com', '7299927577', 'CSE', '3', '', '918ef74305b18736a46460c70fb107ee05e6ef9e', '2016-09-25 12:20:59'),
(227, 'Anitha R', 'SRI VENKATESWARA COLLEGE OF ENGINEERING', 'anitharavichandran.96@gmail.com', '7845955324', 'CSE', '4', '', '112fe9134923a367689749c1352e592c2feecee4', '2016-09-25 13:46:27'),
(228, 'Pasupathy.Ch', 'VALLIAMMAI ENGINEERING COLLEGE', 'pasupathych@gmail.com', '8531846800', 'CSE', '3', '', '8ac26271d9fe214f3076b559c40ad8212ee0f1d1', '2016-09-25 14:56:34'),
(229, 'Srinivasan P', 'VALLIAMMAI ENGINEERING COLLEGE', 'psrinivasan343@gmail.com', '7708705657', 'CSE', '3', '', 'b4a3072da16dd0c5f794ec5eaf7eaac04afb02c1', '2016-09-25 15:48:56'),
(230, 'Priya', 'ST.JOSEPH-S COLLEGE OF ENGINEERING', 'dcrazzygal@gmail.com', '9840815369', 'CSE', '1', '', '58883562a17494a6c5f712b9d6ede5b06b0be5a5', '2016-09-25 16:24:49'),
(231, 'Sowmya N', 'SRI SAIRAM ENGINEERING COLLEGE', 'sowmyanarashimman@gmail.com', '7358350992', 'IT', '3', '', 'eec70681ac0174af4969e829c8cd8cd33bec6ee3', '2016-09-25 17:21:46'),
(232, 'R. Nirmal Kumar', 'SRI VENKATESWARA COLLEGE OF ENGINEERING', '6pnirmal@gmail.com', '8754645070', 'ECE', '3', '', '1a7e739c7bf5364bca07134718c552f78668e081', '2016-09-25 17:39:04'),
(233, 'john bosco', 'ssiet', 'jjb2961996@gmail.com', '8122886276', 'CSE', '3', '', '26895f2958cb124bfe548d505b54e72fb2d74046', '2016-09-26 05:12:02'),
(234, 'Saket Ram.K', 'SRI SIVASUBRAMANIYA NADAR COLLEGE OF ENGINEERING', 'sakethaux1111@gmail.com', '9677055864', 'CSE', '3', '', '14f9d526df3408d2c907d9842cd6137b410882e1', '2016-09-26 05:35:08'),
(235, 'arun raj', 'SRI SAI RAM INSTITUTE OF TECHNOLOGY', 'raj19962010@gmail.com', '7305390937', 'CSE', '4', '', 'c7826a3307f90aad025c198129b87985a9d32e0a', '2016-09-26 05:45:14'),
(236, 'vignesh', 'sri sairam institute of technology', 'vigneshkarthikeyan962@gmail.com', '8056149384', 'CSE', '4', '', 'e7cf7b90d95b5474100cf3d49121b4d17d88e901', '2016-09-26 05:45:28'),
(237, 'Dhineshkumar', 'SRI SAI RAM INSTITUTE OF TECHNOLOGY', 'p.dhineshkumar0612@gmail.com', '9884753812', 'CSE', '4', '', '0ca432b5ecb2b4b77b11faedde2a0807333b2a85', '2016-09-26 05:50:11'),
(238, 'divya', 'rajalakshmi engineering college', 'pdivya505@gmail.com', '8056427231', 'App', '0', '1', '11faba84488a4c501e40147ee0696cff3a85b9f5', '2016-09-26 06:17:16'),
(239, 'Akshay S Danthi', 'Sri Sai Ram Institute of Technology', 'axaysd@gmail.com', '8148426425', 'CSE', '4', '', 'd6eff7c9e2f143f1e4d94dbafb0777fb53993662', '2016-09-26 06:17:18'),
(240, 'karthik b', 'ssiet', 'bkarthik530@gmail.com', '7299344181', 'CSE', '3', '', '91666f9549ae0ed04336e1fb81bc9ce71f74d19e', '2016-09-26 06:19:40'),
(241, 'Abilash', 'Sri Sairam Institute of Technology', 'abi.ashok08@gmail.com', '8056088308', 'CSE', '4', '', 'f6a51c155d95861c35febb700cb661b34f4a85b5', '2016-09-26 07:21:21'),
(242, 'prakash', 'sri sairam institute of technology', 'prakasharul996@gmail.com', '9976362605', 'CSE', '4', '', '12c273025f1898d840b8734d34a2c73a3e30dc1b', '2016-09-26 07:23:17'),
(243, 'Partha Krishna', 'SRI SAI RAM INSTITUTE OF TECHNOLOGY', 'rparthakrishna@gmail.com', '9092210022', 'CSE', '4', '', '18fed71df887d6ab69b55368b5a5d07c05a6ebdf', '2016-09-26 08:02:10'),
(244, 'Seenivasan R', 'SRI SAI RAM INSTITUTE OF TECHNOLOGY', 'sreenivasanravichandhar@gmail.com', '8883920600', 'CSE', '4', '', '398a1e40ca796049dc6d9ee26982870e8939d400', '2016-09-26 08:07:58'),
(245, 'Arun Kumar A', 'College of engineering Guindy', 'arunkumaras10@gmail.com', '8124267121', 'CSE', '4', '', '2294543a62dc7604cd7a7f882084c3d4043529de', '2016-09-26 09:16:48'),
(246, 'Lan Aaroon.J', 'Jeppiaar Maamallan engineering college', 'lanaaroon@gmail.com', '9710606916', 'CSE', '3', '', 'e87fa365cb66740d832fa3737659e2aec49ee0b7', '2016-09-26 09:36:21'),
(247, 'Mugundan Selvam', 'Jeppiaar Maamallan Engineering College', 'mugu2804@gmail.com', '8344999183', 'CSE', '3', '', 'c46e725ee75b138bde01e4a8422ce8919fc8371e', '2016-09-26 09:40:57'),
(248, 'ganesh gs', 'rajalakshmi engineering college', 'ganesh1691997@gmail.com', '8220686707', 'App', '0', '1', 'cf9e7c7ae71fd8e70b31b2be0a1ad62ce2f25555', '2016-09-26 11:47:25'),
(249, 'SANTHOSH S', 'S.A.ENGINEERING COLLEGE ', 'santhoshss151998@gmail.com', '8807533656', 'CSE', '2', '', 'e4bcd9d5daf3869c2799a510289300a6fbb09c6e', '2016-09-26 12:02:51'),
(250, 'J.THARANI', 'S.A. ENGINEERING COLLEGE', 'tharani.jothibabu@gmail.com', '7092624480', 'CSE', '3', '', '100115daf75b7b30c52e2542c509a7dbdea718cd', '2016-09-26 12:13:25'),
(251, 'praveen', 'rajalakshmi engineering college', 'ionicinternational2116@gmail.com', '7200209660', 'App', '0', '1', '30ac41217867e79394b6066645d44e64af29752f', '2016-09-26 12:17:35'),
(252, 'Arun KG', 'EASWARI ENGINEERING COLLEGE', 'kgarun50@gmail.com', '7418141398', 'CSE', '2', '', 'f6d97b8a19df916d603e9e2ae348a844e0d91421', '2016-09-26 12:35:42'),
(253, 'v m sugant', 'SRI SAI RAM INSTITUTE OF TECHNOLOGY', 'lampard.suganth@gmail.com', '9791152464', 'CSE', '4', '', 'c05244d670d91c0ca8621a1cbe94a086d146cd05', '2016-09-26 13:15:00'),
(254, 'Sashank Kalyan', 'SRI VENKATESWARA COLLEGE OF ENGINEERING', 'sashank1996@gmail.com', '9445361099', 'CSE', '3', '', '14b5a6ce1dec7a2f39f4a7c52a088dc0c84aa659', '2016-09-26 13:18:09'),
(255, 'raghunathan', 'SAVEETHA ENGINEERING COLLEGE', 'raghunathan506.rn@gmail.com', '9042307372', 'CSE', '2', '', 'c0076d7a7fb54fe0d3b99830b7036b1509bd7c78', '2016-09-26 13:40:56'),
(256, 'KIRTANA KR', 'RAJALAKSHMI INSTITUTE OF TECHNOLOGY', 'kirtana126@gmail.com', '7871126430', 'CSE', '3', '', 'ee554bbdc1176be051edfa736cd36304350b92d9', '2016-09-26 13:42:10'),
(257, 'k.ezhil nilavan', 'jerusalem college of engineering', 'iamezhilnilavan@gmail.com', '9789070871', 'CSE', '3', '', 'ff9faac5e4972a618ae8dc1fd7c6b915474a66b2', '2016-09-26 13:45:17'),
(258, 'Madhushree B', 'R.M.K. ENGINEERING COLLEGE', 'madhushreevb@gmail.com', '9952053675', 'CSE', '3', '', '5dbb3668e4791885e90a4e9f2cf98080b1cf8f7d', '2016-09-26 13:46:49'),
(259, 'RANJINI K', 'RAJALAKSHMI INSTITUTE OF TECHNOLOGY', 'ranjinikarthi96@gmail.com', '8056214137', 'CSE', '3', '', 'c4176ca1fd3385989168be6b0b0b1a884678e59c', '2016-09-26 13:47:55'),
(260, 'SANGEETHA S', 'RAJALAKSHMI INSTITUTE OF TECHNOLOGY', 'sangeemangee2010@gmail.com', '9094915446', 'CSE', '3', '', 'e5dfb6f0666bfae836945aaf6e860a6eada1f06f', '2016-09-26 13:49:54'),
(261, 'GAYATHRI K', 'RAJALAKSHMI INSTITUTE OF TECHNOLOGY', 'gayathrikumaresan97@gmail.com', '9962467284', 'CSE', '3', '', '0feba9c65edf6afea57a83c9d97cc44ccf000a27', '2016-09-26 13:52:33'),
(262, 'devisri r', 'RAJALAKSHMI INSTITUTE OF TECHNOLOGY', 'vandhanacptr@gmail.com', '7448621270', 'CSE', '3', '', '0125c5f56a49d845e86b63ae40e4ba65b49eb339', '2016-09-26 13:55:39'),
(263, 'EVANGELIN M', 'RAJALAKSHMI INSTITUTE OF TECHNOLOGY', 'evangelin.m.16.cse@ritchennai.edu.in', '8148622279', 'CSE', '3', '', 'c553863f6f4e90b34511703afd4be059c442b1e9', '2016-09-26 13:59:09'),
(264, 'jayashri r', 'RAJALAKSHMI INSTITUTE OF TECHNOLOGY', 'sindhujayashri1996@gmail.com', '9710438277', 'CSE', '3', '', '3b63df30c25854c55a00d5703cd81ceee3b615e5', '2016-09-26 14:03:02'),
(265, 'janani b', 'RAJALAKSHMI INSTITUTE OF TECHNOLOGY', 'janani.b.2014.cse@ritchennai.edu.in', '9047240636', 'CSE', '3', '', '2548bda5b62df78a950bf562b8aac43d1543fa2d', '2016-09-26 14:04:53'),
(266, 'leena kr', 'RAJALAKSHMI INSTITUTE OF TECHNOLOGY', 'kotlapatileena@gmail.com', '9087965254', 'CSE', '3', '', '4cfb7982e68c8b67cff3ffa4306f52b37ed029e7', '2016-09-26 14:07:02'),
(267, 'magesh g', 'RAJALAKSHMI INSTITUTE OF TECHNOLOGY', 'mg999421@gmail.com', '8124225911', 'CSE', '3', '', 'df733ab8fe765c56df5701b117505832d536c930', '2016-09-26 14:12:51'),
(268, 'pooventhanraj l', 'RAJALAKSHMI INSTITUTE OF TECHNOLOGY', 'lpooventhanraj@gmail.com', '9500625802', 'CSE', '3', '', '96e007c0ca30b769dff99b2a80b482a3d63a018d', '2016-09-26 14:17:44'),
(269, 'KUMAR V', 'RAJALAKSHMI INSTITUTE OF TECHNOLOGY', 'kumarlilel37@gmail.com', '9884545209', 'CSE', '3', '', 'd5c66b6794c8aec8944b45ba1b25fb725ef4338b', '2016-09-26 14:35:03'),
(270, 'M.Muthukumaravel', 'PANIMALAR ENGINEERING COLLEGE', 'mkumaravel07@gmail.com', '9176095549', 'CSE', '2', '', '2a425dc3507dffa34e4dc6c66d60ed3d45c22d98', '2016-09-26 14:37:01'),
(271, 'Aarthi.S', 'RAJALAKSHMI ENGINEERING COLLEGE', 'aarthisiva97@gmail.com', '9566119692', 'IT', '3', '', 'fabfa2d71f3efece72fe80aa37915d2f49b872dd', '2016-09-26 15:10:00'),
(272, 'mahesh.g.k', 'svce', 'gkmaheshkrish@gmail.com', '8438337546', 'App', '0', '1', '40a0e4dcf5ad11412054dfc0b1a743e6c3acdca4', '2016-09-26 15:17:29'),
(273, 'Aishwarya.M', 'RAJALAKSHMI ENGINEERING COLLEGE', 'aishuchenz@gmail.com', '9566215605', 'IT', '3', '', '5502dbb2380797571e9033dac8cf50be78b81f85', '2016-09-26 15:17:55'),
(274, 'Nathiya.R', 'RAJALAKSHMI ENGINEERING COLLEGE', 'nathiyarajum@gmail.com', '9786420799', 'IT', '3', '', '9b6dd49344c95d130995bbb7ccae4550dc6fbbcf', '2016-09-26 15:20:02'),
(275, 'Testing', 'Testing', 'Testing@gmail.com', '9876543210', 'CSE', '1', '', 'adde937dd7448d362517a3e23e33ce85cda933b4', '2016-09-26 15:32:06'),
(276, 'B.INDUMATHI', 'JEPPIAAR MAAMALLAN ENGINEERING COLLEGE', 'NAVEENDINA05@GMAIL.COM', '9787284510', 'IT', '3', '', '54e6d0a5de3ce297d61bbab6599f8a03e8975a66', '2016-09-26 15:36:56'),
(277, 'M.PRIYANKA', 'JEPPIAAR MAAMALLAN ENGINEERING COLLEGE', 'PRIYANKAMIT1418@GMAIL.COM', '8056611034', 'IT', '3', '', 'e693278e954af23dd3dec803eb3236fc729a9021', '2016-09-26 15:40:55'),
(278, 'R ASHWIN', 'EASWARI ENGINEERING COLLEGE', 'rashwin23071998@gmail.com', '9952047915', 'CSE', '2', '', '0830761efd55eb5d9240b988a7113fa08df7d902', '2016-09-26 15:41:53'),
(279, 'B.INDUMATHI', 'JEPPIAAR MAAMALLAN ENGINEERING COLLEGE', 'indumathibabu.34@gmail.com', '9787284510', 'IT', '3', '', '017d2895787138404c6f607de2047c3690ca5197', '2016-09-26 15:48:10'),
(280, 'Mukesh P', 'SRI VENKATESWARA COLLEGE OF ENGINEERING', 'mukesh_99@icloud.com', '9850567534', 'MEC', '1', '', '6cf016f05b3ce1d98857a91d7e309a078374694b', '2016-09-26 15:59:08'),
(281, 'asi', 'asdfgh', 'madithya@gmil.com', '9234567990', 'CSE', '1', '', 'f6a51c155d95861c35febb700cb661b34f4a85b5', '2016-09-26 16:06:05'),
(282, 'madhurima', 'RAJALAKSHMI INSTITUTE OF TECHNOLOGY', 'madhurimaraj1197@gmail.com', '9884379285', 'CSE', '3', '', '51074ae2868b917fce7a69b580a7600d48be3393', '2016-09-26 16:11:16'),
(283, 'Harish', 'npsbcet', 'harishs3196@gmail.com', '9677256680', 'CSE', '4', '', 'b2853ff8b45320bf04e14d6efd6e166e14d77914', '2016-09-26 16:15:53'),
(284, 'sai krishna.g', 'PANIMALAR INSTITUTE OF TECHNOLOGY', 'krish.0316@gmail.com', '9003200267', 'MEC', '3', '', 'a286ebb3ff91f5e1b03f25b7b8f276d3451c9da1', '2016-09-26 16:18:15'),
(285, 'Jenifer', 'JERUSALEM COLLEGE OF ENGINEERING', 'jenifer.roselin@gmai.com', '8608333145', 'IT', '3', '', '046f5e993e68d125873e8d9fd498733c391fa4da', '2016-09-26 16:21:13'),
(286, 'madhurima.l', 'RAJALAKSHMI INSTITUTE OF TECHNOLOGY', 'madhurima305@gmail.com', '9940065030', 'CSE', '3', '', '51074ae2868b917fce7a69b580a7600d48be3393', '2016-09-26 16:30:36'),
(287, 'Kishore Kumar.P', 'NPSBCET', 'kishore271196@gmail.com', '9677232870', 'CSE', '3', '', '45578ad2b04b963c5dace7347e9c75b98b3bc6b7', '2016-09-26 16:53:47'),
(288, 'deepak rajan.s', 'sri venkateswara college of engineering', 'deepak.soundararajan@gmail.com', '9500170476', 'App', '0', '1', '10ca6dab65e23296ff27958450b544c2773e1e7a', '2016-09-26 16:53:59'),
(289, 'madhurima.l', 'RAJALAKSHMI INSTITUTE OF TECHNOLOGY', 'madhurima1197@gmail.com', '9884379285', 'CSE', '3', '', '51074ae2868b917fce7a69b580a7600d48be3393', '2016-09-26 17:44:41'),
(290, 'Hemalatha', 'VELAMMAL ENGINEERING COLLEGE', 'hemalatha9720@gmail.com', '8754413531', 'IT', '3', '', 'bbc7b8c7d1b4587e89d2e4442ca4d40ab9f3c5cd', '2016-09-26 17:47:22'),
(291, 'akshaya meera.t', 'RAJALAKSHMI INSTITUTE OF TECHNOLOGY', 'akshayameera97@gmail.com', '8870409432', 'CSE', '3', '', 'de2fbc9d9682d0ff4718db20118fbf2415aed724', '2016-09-26 17:53:02'),
(292, 'dinesh kumar v', 'easwari engineering college', 'dinesh6752@gmail.com', '8012066075', 'CSE', '2', '', 'd95ec80c5acb0971d532ab159dba2850a379b924', '2016-09-27 01:35:32'),
(293, 'Pawan Kumar S', 'SRI VENKATESWARA COLLEGE OF ENGINEERING', 'b73ef704@opayq.com', '8122837802', 'CVL', '4', '', '548d6f591b1a5908d3539987d40a56a6971085a6', '2016-09-27 01:53:09'),
(294, 'N.MEENARAJI', 'PANIMALAR ENGINEERING COLLEGE', 'rajimeena1998@gmail.com', '9489021774', 'CSE', '2', '', 'b763e878f8ef4511c2980265758dc43e7f4adc53', '2016-09-27 03:14:48');
INSERT INTO `users` (`id`, `name`, `college_name`, `email_id`, `phone_no`, `department`, `year`, `auth_token`, `password`, `time`) VALUES
(295, 'priyanka.k', 'panimalar engineering college', 'priyankamoorthy1998@gmailcom', '9976249366', 'CSE', '2', '', '93361b1b595754af032fc326b10ed7cc957c4896', '2016-09-27 03:16:52'),
(296, 'RAHARITHA.R', 'PANIMALAR ENGINEERING COLLEGE', 'hariramcutie@gmail.com', '9443104988', 'CSE', '2', '', 'c6b9a1d23667233a4522d64b1ef35da0f78cec41', '2016-09-27 03:22:40'),
(297, 'SHANTHAPRIYA.S', 'PANIMALAR ENGINEERING COLLEGE', 'shanthapriya2598@gmail.com', '8220599246', 'CSE', '2', '', '4fda853e3ecea156dc157104ae51c4952e94eaa5', '2016-09-27 03:25:11'),
(298, 'Naveen', 'SSIET', 'www.praveen.net@gmail.com', '8939129649', 'CSE', '3', '', 'c43d2553785280d64510581042608c94face489b', '2016-09-27 05:32:24'),
(299, 'Tharani Kumar.K', 'SRI SAI RAM INSTITUTE OF TECHNOLOGY', 'ktharankumar@gmail.com', '9171975838', 'CSE', '3', '', '6bd762dc204731024ae1cbd2acb0b73cff173058', '2016-09-27 05:33:00'),
(300, 'Praveen.M', 'SRI SAI RAM INSTITUTE OF TECHNOLOGY', 'praveenm21896@gmail.com', '9629732033', 'CSE', '3', '', '6bd762dc204731024ae1cbd2acb0b73cff173058', '2016-09-27 05:35:39'),
(301, 'Tejhaskar.A', 'SRI SAI RAM INSTITUTE OF TECHNOLOGY', 'tejhaskar77@gmail.com', '9940374664', 'CSE', '3', '', '6bd762dc204731024ae1cbd2acb0b73cff173058', '2016-09-27 05:37:57'),
(302, 'Tharani Kumar.K', 'SRI SAI RAM INSTITUTE OF TECHNOLOGY', 'kthrankumar@gmail.com', '9171975838', 'CSE', '3', '', '6bd762dc204731024ae1cbd2acb0b73cff173058', '2016-09-27 05:40:48'),
(303, 'Arjun.K', 'SRI SAI RAM INSTITUTE OF TECHNOLOGY', 'arjunkannan.ak@gmail.com', '9566671056', 'CSE', '3', '', '6bd762dc204731024ae1cbd2acb0b73cff173058', '2016-09-27 05:55:27'),
(304, 'Raveen A Kumar', 'Govt Model engineering college', 'raveenk4life@gmail.com', '9744271300', 'ECE', '4', '', '3f26d495f21f40f200341b2b39e601036793e3e3', '2016-09-27 06:02:37'),
(305, 'sathish', 'sri sairam institute of technology', 'sathishravi094@gmail.com', '7092181626', 'CSE', '3', '', '781ef2c3e5fbf25dcdf9d78ca2ad7c2c60fe3b52', '2016-09-27 06:08:37'),
(306, 'gopinath.p', 'sri sairam institute of tecnology', 'gopinathvishal11@gmail.com', '9489534384', 'CSE', '3', '', 'cd9db84418b3416c2c7d970f63528d1afd088d39', '2016-09-27 06:10:33'),
(307, 'S.Dhivakar', 'sri sairam institute of technology', 'sdhivakar7@gmail.com', '9551699628', 'CSE', '3', '', '07a0d48dc9cf76169127de3675c30dfaeb2538cc', '2016-09-27 06:12:50'),
(308, 'Raghulraj V', 'sri sairam institute of technology', 'raghul.raj33525@gmail.com', '9488733525', 'CSE', '3', '', 'de957546244550befc6fe7787e57d297446f377c', '2016-09-27 06:48:39'),
(309, 'R.U.K.Bharath Karna', 'SRI SAI RAM INSTITUTE OF TECHNOLOGY', 'krishikarna@gmail.com', '9042230157', 'CSE', '3', '', '6bd762dc204731024ae1cbd2acb0b73cff173058', '2016-09-27 06:52:19'),
(310, 'thilaka', 'VALLIAMMAI ENGINEERING COLLEGE', 'url@gmail.com', '7845626086', 'CSE', '1', '', 'f9cb845aac5595c18bd81e51108f8b4edc196f09', '2016-09-27 07:28:26'),
(311, 'Anna Jacob', 'Rajagiri School of Engineering and Technology', 'anna.jacob1992@gmail.com', '8197755889', 'CSE', '3', '', '71e4a5cdc9a2f82f81bf3c067832bcf62c2f8dc6', '2016-09-27 08:47:24'),
(312, 'yamuna.m', 'VELAMMAL INSTITUTE OF TECHNOLOGY', 'yamunamohan19@gmail.com', '8807312229', 'CSE', '3', '', '0eb4e14e3a0af58fa4769fdad43ec79f52abfcdb', '2016-09-27 11:06:17'),
(313, 'Kugan', 'JERUSALEM COLLEGE OF ENGINEERING', 'kugan2311@gmail.com', '7402502947', 'IT', '3', '', '23db30c300e8ee1f4a25828f616c71a7bcb2523f', '2016-09-27 13:22:08'),
(314, 'ABIRAMI.S. P.', 'PANIMALAR INSTITUTE OF TECHNOLOGY', 'abidr2430@gmail.com', '9976226540', 'IT', '3', '', 'b8ec5ce58d2a54b6a29af349c0c478453e47f7ca', '2016-09-27 13:35:44'),
(315, 'SARAH.P.', 'PANIMALAR INSTITUTE OF TECHNOLOGY', 'sarahzerry@gmail.com', '9597320941', 'IT', '3', '', 'eb081f603a6058b4c8556e5cbde4b88aef10783d', '2016-09-27 13:38:31'),
(316, 'SELVAKUMAR S', 'MISRIMAL NAVAJEE MUNOTH JAIN ENGINEERING COLLEGE', 'selvass1996@gmail.com', '9842356081', 'CSE', '4', '', '11ce3285348a5751bf061b00060c290c4525fcdc', '2016-09-27 14:02:18'),
(317, 'Angel', 'JERUSALEM COLLEGE OF ENGINEERING', 'angel6vk@gmail.com', '7845362898', 'IT', '3', '', 'e7a3fdc966bcf3200ec8ca5f290826f73e8718df', '2016-09-27 14:14:30'),
(318, 'T.BASKAR', 'JERUSALEM COLLEGE OF ENGINEERING', 'tbaskar96@gmail.com', '8675522236', 'IT', '3', '', '9e0d2a14377a0155b48d9022bb6e048d9371edb6', '2016-09-27 14:17:51'),
(319, 'shabana a .s', 'SRI SAI RAM INSTITUTE OF TECHNOLOGY', 'shabbusukkur@gmail.com', '9677276186', 'IT', '3', '', 'a9371f876b2704b4501aa86bc51e68412c8e9be7', '2016-09-27 14:47:48'),
(320, 'Suprajaa A', 'SRI SAI RAM INSTITUTE OF TECHNOLOGY', 'suprajaa14@gmail.com', '9629104567', 'IT', '3', '', '6612cbc0437fe120928456fa2ed20480a967b48b', '2016-09-27 15:01:12'),
(321, 'Prakash R', 'CEG', 'ramachandranrprakash@gmail.com', '9940485428', 'CSE', '4', '', '317f8c7b6a9dabdad0488092c910c6cc9d6d64f0', '2016-09-27 15:02:40'),
(322, 'Abinaya A', 'SRI SAI RAM INSTITUTE OF TECHNOLOGY', 'abinayaanbu28@gmail.com', '9791199544', 'CSE', '3', '', 'c7c9774874e71fde63eac95048d380c6da5e889c', '2016-09-27 15:18:36'),
(323, 'Ruban Kumar EH', 'SRI SAI RAM INSTITUTE OF TECHNOLOGY', 'ruban646@gmail.com', '9600037555', 'IT', '3', '', '11c5466d8c987b89a0492745044eba7d2a18649b', '2016-09-27 15:20:28'),
(324, 'Veneesa Ja', 'SRI SAI RAM INSTITUTE OF TECHNOLOGY', 'veneesajayavel@gmail.com', '9841812156', 'IT', '3', '', 'f8384d6d3a0f20db054bd19f0905cadd0c77af2b', '2016-09-27 15:21:56'),
(325, 'Vinith Periasamy R', 'SRI SAI RAM INSTITUTE OF TECHNOLOGY', 'vinithram2000@gmail.com', '9677712687', 'IT', '3', '', '0a574577ffa9a039f94981484e856d6be73b2d2f', '2016-09-27 15:31:02'),
(326, 'Ishwarya Lakshmi.C', 'SRI SAI RAM INSTITUTE OF TECHNOLOGY', 'ishukutty2897@gmail.com', '9003485601', 'IT', '3', '', '5ace9e82e02de00f71803471c6321d110ad6d969', '2016-09-27 16:11:06'),
(327, 'T POORNIMA', 'RAJALAKSHMI ENGINEERING COLLEGE', 'poornijt@gmail.com', '9444185366', 'CSE', '2', '', '95de064fa6acb7fcda6eefcd0230d255851c6f43', '2016-09-27 16:16:46'),
(328, 'Naveenkumar T', 'Sri sairam Institute of technology', 'nknaveenthangam25@gmail.com', '8754471502', 'IT', '3', '', 'bdf270ac11e8090c84a63797172675d1311f985a', '2016-09-27 16:17:09'),
(329, 'Nifasath Afshan', 'SRI SAI RAM INSTITUTE OF TECHNOLOGY', 'nifasath.afshan@gmail.com', '7358486519', 'IT', '3', '', '14e6ba3ec94aa29148b2b21d0cb9455af5365c8a', '2016-09-27 16:18:32'),
(330, 'Sivamoorthy', 'SRI SAI RAM INSTITUTE OF TECHNOLOGY', 'Mahadhaisiva@gmail.com', '8754818385', 'IT', '3', '', '2fec2624b5017052fec2c71b89b11ba0aef1e215', '2016-09-27 16:20:21'),
(331, 's bima rahmanisha', 'RAJALAKSHMI INSTITUTE OF TECHNOLOGY', 'nishabima.cse@gmail.com', '9941417782', 'CSE', '3', '', '09de3fa5060db13b50cc568873b37d8a3839dad1', '2016-09-27 16:28:02'),
(332, 'bhuvaneswari ', 'RAJALAKSHMI INSTITUTE OF TECHNOLOGY', 'bhuvanasathya00@gmail.com', '9941417782', 'CSE', '3', '', '8bccbf0a91b26d36504d81193e9ab0f19b27358b', '2016-09-27 16:31:36'),
(333, 'Rubankumar EH', 'SRI SAI RAM INSTITUTE OF TECHNOLOGY', 'rubankumar646@gmail.com', '9600037555', 'IT', '3', '', '1a18f118f69d177f9487f52a8e51ebd7997f0fe2', '2016-09-27 16:48:00'),
(334, 'Tasbiya c', 'RAJALAKSHMI ENGINEERING COLLEGE', 'tasbiya96@gmail.com', '8148163070', 'IT', '3', '', '83ccf2639d968a5a3ec6dd0afb08de3d5117df22', '2016-09-27 16:49:26'),
(335, 'Navin kumar T', 'SRI SAI RAM INSTITUTE OF TECHNOLOGY', 'naveenthangarajan8@gmail.com', '9789027140', 'IT', '3', '', 'bdf270ac11e8090c84a63797172675d1311f985a', '2016-09-27 16:49:58'),
(336, 'Sivaranjani S', 'RAJALAKSHMI ENGINEERING COLLEGE', 'sivaranjani.s.2014.it@rajalakshmi.edu.in', '9962483270', 'IT', '3', '', '1e13e83aecda22a34fd28c37c8b2514493a68e58', '2016-09-27 16:50:46'),
(337, 'Yogeshwaran R', 'RAJALAKSHMI ENGINEERING COLLEGE', 'yogeshwaran.r.2014.it@rajalakshmi.edu.in', '9941355598', 'IT', '3', '', '662a1103ff4a6e88f42a11a94fae73215075a08b', '2016-09-27 16:59:09'),
(338, 'Ridhi chandak', 'MISRIMAL NAVAJEE MUNOTH JAIN ENGINEERING COLLEGE', 'ridhichandak@gmail.com', '9176344300', 'CSE', '3', '', 'a3dab1c21ab9b73c5736d3ee11727a987338456c', '2016-09-27 17:15:33'),
(339, 'Lokeswari.U', 'SRI SAI RAM INSTITUTE OF TECHNOLOGY', 'lokeswariuv@gmail.com', '9710302269', 'IT', '3', '', '0a36050f4965925b9e20cc1f225af4b9cc18f7f2', '2016-09-27 17:18:12'),
(340, 'T R vignesh', 'SRI SAI RAM INSTITUTE OF TECHNOLOGY', 'Vignesh150996@gmail.com', '8056801602', 'IT', '3', '', '7e2071d546478b921e711f8c46819550bc9c5699', '2016-09-27 17:42:36'),
(341, 'Subashree Sudarsanam', 'SRI SAI RAM INSTITUTE OF TECHNOLOGY', 'subasuda@gmail.com', '8526559050', 'IT', '3', '', 'ead838d4c949f7b826d38311040c95740a4526cb', '2016-09-27 17:48:45'),
(342, 'Sridhar M', 'SRI SAI RAM INSTITUTE OF TECHNOLOGY', 'm.sridhar1995@gmail.com', '7401311733', 'IT', '4', '', 'a3ff784107f2aa689032ececbc0a986bda3243c5', '2016-09-27 17:51:04'),
(343, 'Sridhar', 'SRI SAI RAM INSTITUTE OF TECHNOLOGY', 'm.sridhar9696@gmail.com', '9962163706', 'IT', '4', '', '41441110857f9c551c08cf6385e5f608e1c25762', '2016-09-27 18:00:51'),
(344, 'Krish Munot', 'MNMJEC', 'krishmunot@gmail.com', '9841503302', 'CSE', '4', '', '9a16df34516efea5e85029463d3a48ea280ade33', '2016-09-27 18:10:02'),
(345, 'Mohit soni', 'MISRIMAL NAVAJEE MUNOTH JAIN ENGINEERING COLLEGE', 'mohitsoni740@gmail.com', '9789994424', 'ECE', '3', '', 'c81ba55dda8c37b536a45c0feb940c3d84c3adc3', '2016-09-27 18:24:40'),
(346, 'Arvind', 'SSN College of Engineering', 'arvind.piccolo@gmail.com', '8056030093', 'CSE', '3', '', 'd46f90b9d08952a79fa79dbf84fc2195e3610f20', '2016-09-28 02:41:22'),
(347, 'Sachin', 'PGDAV COLLEGE, UNIVERSITY OF DELHI', 'du.cse.sachin@gmail.com', '9818650312', 'CSE', '4', '', 'aa3aced7444592c91de1f3e122a99b0690367e0b', '2016-09-28 03:24:28'),
(348, 'Indhumathi.P', 'EASWARI ENGINEERING COLLEGE', 'indhups26@gmail.com', '9092239111', 'CSE', '2', '', '794c8804886ae1b335b063b616cb4d416404ac00', '2016-09-28 04:16:41'),
(349, 'Bhagyalakshmi.P', 'EASWARI ENGINEERING COLLEGE', 'bhagyadoit10@gmail.com', '9444839374', 'CSE', '2', '', 'b5387b617d2e19948635bf246aa57c54c8dc97da', '2016-09-28 04:17:42'),
(350, 'kamali', 'RAJALAKSHMI INSTITUTE OF TECHNOLOGY', 'kamaliboji39@gmail.com', '9940424942', 'CSE', '3', '', '21ae2673bf24666487a4631e9257c2b7b2b619f9', '2016-09-28 05:02:04'),
(351, 'm.priya', 'RAJALAKSHMI INSTITUTE OF TECHNOLOGY', 'ppriyamohan96@gmail.com', '8124716535', 'CSE', '3', '', 'd3d6c3a31b6682bda298f1bc12e5e859fa69b2d4', '2016-09-28 05:02:42'),
(352, 'elakkiya.k', 'RAJALAKSHMI INSTITUTE OF TECHNOLOGY', 'kelakki20funny@gmail.com', '9940424942', 'CSE', '3', '', '235d2334a3e833cd8a30bf3772193d7683d458c2', '2016-09-28 05:03:42'),
(353, 'bima', 'RAJALAKSHMI INSTITUTE OF TECHNOLOGY', 'nisha.cse@gmail.com', '9941417782', 'CSE', '3', '', '14af2e17622915f39f56237282123371aaee4a1e', '2016-09-28 05:09:04'),
(354, 'Lenin Barathi M', 'SRI SAI RAM INSTITUTE OF TECHNOLOGY', 'mr.greatlenin@gmail.com', '9444588505', 'CSE', '4', '', '91f77ab11fdfee5332d7fc5d05d68210d60f984d', '2016-09-28 05:11:19'),
(355, 'harshatha.j', 'RAJALAKSHMI INSTITUTE OF TECHNOLOGY', 'harshatha.janarthanan@gmail.com', '9791047141', 'CSE', '3', '', '6376cb041d5da79393a81e9d352d3e6c0fb6ce06', '2016-09-28 05:16:57'),
(356, 'dinesh', 'RAJALAKSHMI INSTITUTE OF TECHNOLOGY', 'sujathabalaji39@gmail.com', '8939089350', 'MEC', '3', '', '00e6f6392e1cf730f575aa3a590bb7d59537737e', '2016-09-28 05:36:24'),
(357, 'm.priya', 'RAJALAKSHMI INSTITUTE OF TECHNOLOGY', 'ppriyamohan96@gmail', '8124716535', 'CSE', '3', '', 'd3d6c3a31b6682bda298f1bc12e5e859fa69b2d4', '2016-09-28 05:41:56'),
(358, 'M.AKSHAYA', 'SRI SAIRAM ENGINEERING COLLEGE', 'akshayabhu8996@gmail.com', '8056453351', 'CSE', '3', '', 'df0eb12f0fcedbfaebc824476ef808fc3a838989', '2016-09-28 08:09:48'),
(359, 'Sandesh k jain', 'MNM Jain Engineering College', 'sandesh_solanki@yahoo.com', '8056199484', 'CSE', '3', '', '1e5d99e58ba544033742a895a009bcbbcfc3ea0d', '2016-09-28 10:12:11'),
(360, 'BALAJI ', 'BALAJI K', 'balajikannadasan96@gmail.com', '9655491784', 'IT', '3', '', '3b845b52303261b27254b51262361140e91921c2', '2016-09-28 11:58:10'),
(361, 'shanmuga priya', 'JERUSALEM COLLEGE OF ENGINEERING', 'priyaKumar08111996@gmail.com', '8015600848', 'CSE', '3', '', '945197c6fa8f4cc23e6c5c3513d63af33e4327e9', '2016-09-28 13:29:44'),
(362, 'Ramanan', 'jersualem college of engg', 'ramananrhkv@gmail.com', '8939732697', 'CSE', '3', '', '22194c7bec42f1a8c67ff08687dad1d31da4b10b', '2016-09-28 14:18:54'),
(363, 'Govardhan Karun Yadav.A', 'jersusalem college of engg', 'Govardhankarun@gmail.com', '9500195700', 'CSE', '3', '', '64e72c59f45e9287749df988ff0faf48479e4ed1', '2016-09-28 14:47:38'),
(364, 'Shravan Dheep', 'SRI VENKATESWARA COLLEGE OF ENGINEERING', 'shravandheep4@gmail.com', '9840476486', 'CSE', '1', '', '85cec32ed1d8c918350ea2de3e6eefce85606e02', '2016-09-28 14:54:18'),
(365, 'swathi priya.v.c', 'RAJALAKSHMI INSTITUTE OF TECHNOLOGY', 'swathikeerthi37@gmail.com', '8939152240', 'CSE', '3', '', 'ae2c01c7010838f6f131e625ddb112a7bbefa23d', '2016-09-28 15:08:53'),
(366, 'Raghul Raj', 'SRI SAIRAM ENGINEERING COLLEGE', 'rjraghul27@gmail.com', '9841812156', 'CSE', '4', '', '01a9075479f59f8379dc0ee72f5b0640d20fbb06', '2016-09-28 15:16:25'),
(367, 'SWETHA. M', 'RAJALAKSHMI INSTITUTE OF TECHNOLOGY', 'mswetha1996@gmail.com', '9551400202', 'CSE', '3', '', 'e00c2196c622badb31163d5d2c116ccd51a1fc66', '2016-09-28 15:48:52'),
(368, 'sowmiya rajalakshmi.R', 'JERUSALEM COLLEGE OF ENGINEERING', 'varshinir1996@gmail.com', '7708987524', 'CSE', '3', '', '167c13f71e5d0ce68f9439f783c49d2c6c03ea67', '2016-09-28 15:51:14'),
(369, 'SUMAYA JABEEN .A', 'RAJALAKSHMI INSTITUTE OF TECHNOLOGY', 'zenithsumi26@gmail.com', '9629866486', 'CSE', '3', '', '0f192d12203783dd23639e51dc9f3bc44c50b871', '2016-09-28 15:54:07'),
(370, 'k.sundarraj', 'JERUSALEM COLLEGE OF ENGINEERING', 'ksundarraj38797@gmail.com', '9791631591', 'CSE', '3', '', '9d245fb7d83ac275cf466ad16bd6e82aa29d46e9', '2016-09-28 15:59:10'),
(371, 'Nijanthan', 'JERUSALEM COLLEGE OF ENGINEERING', 'nijanthannijadeep1775657@gmail.com', '7667529478', 'CSE', '3', '', '4b9e4895caa7b092294d1a1352135ab4f8886c02', '2016-09-28 16:03:16'),
(372, 'priyadarshini.k', 'JERUSALEM COLLEGE OF ENGINEERING', 'priyacsejan@gmail.com', '9884949140', 'CSE', '3', '', 'b22f6fd245b2113f370f310015d0c3db10355081', '2016-09-28 16:04:30'),
(373, 'Madhavaraj.K', 'JERUSALEM COLLEGE OF ENGINEERING', 'ermadhavaraj15@gmail.com', '9788739584', 'CSE', '3', '', '7cd56d26b3eb04d089a977a8e2972641a124b983', '2016-09-28 16:07:16'),
(374, 'Rishi Koushal N', 'MISRIMAL NAVAJEE MUNOTH JAIN ENGINEERING COLLEGE', 'rishikhoushal@gmail.com', '9840645483', 'CSE', '3', '', 'e587fb772c2ad4ae16431d07e0564bf45a217587', '2016-09-28 16:07:51'),
(375, 'vivekarun', 'ssiet', 'vivekarun18@gmail.com', '9176746928', 'CSE', '4', '', '339e4cd0ab4f1b822eca96fe8f7693cc7989fef0', '2016-09-28 16:12:01'),
(376, 'karthick', 'ssiet', 'karthidev002@gmail.com', '9962909157', 'CSE', '4', '', 'dc29ed98a3079e80df20aac1c114ad5c7eaa2f23', '2016-09-28 16:27:24'),
(377, 'hari hara sudhan', 'ssiet', 'itsudhan96@gmail.com', '8939459331', 'CSE', '4', '', '182125759cddf072e017b0ac9ee8ca28ded47a57', '2016-09-28 16:29:32'),
(378, 'rajeshkumar', 'ssiet', 'rajeshrockey003@gmail.com', '9944157959', 'CSE', '4', '', 'ec28a04c394105fb8b9284bcfd45465826c13637', '2016-09-28 16:32:04'),
(379, 'pragadeesh .j', 'JERUSALEM COLLEGE OF ENGINEERING', 'pragadeesh67@gmail.com', '9442793047', 'CSE', '3', '', '0ce5f92b4e4ef5277b111f886f1f35ccbe563cd3', '2016-09-28 16:36:30'),
(380, 'R GAUTAM', 'KCG COLLEGE OF TECHNOLOGY', 'gautam.ramuvel15@gmail.com', '9789168131', 'CSE', '2', '', 'a216a281d243eb54675a52a237bf69973e34daa9', '2016-09-28 16:36:30'),
(381, 'BARGAVI T M', 'SRI SAIRAM ENGINEERING COLLEGE', 'bargavimanogaran@gmail.com', '7418379921', 'CSE', '3', '', '5e3ee224ee1767bfdbbc14fc7ac7f29f5fc0c5de', '2016-09-28 16:44:05'),
(382, 'l.naveen kumar', 'JERUSALEM COLLEGE OF ENGINEERING', 'naveenlkumar1997@gmail.com', '9042334874', 'CSE', '3', '', 'f5f180dedad35561d8b1598654dd3806ca87a2cf', '2016-09-28 16:44:17'),
(383, 'INFANT SAM CHRISTIAN', 'K.C.G. COLLEGE OF TECHNOLOGY', 'infantsamchris@gmail.com', '9789088999', 'CSE', '2', '', '638e53a3953dfaed5f7467f1b69e8321d6ddae8d', '2016-09-28 16:48:07'),
(384, 'G.Vijay', 'JERUSALEM COLLEGE OF ENGINEERING', 'ijay.rraj.05@gmail.com', '9840085730', 'CSE', '3', '', 'c4faab51799706d960ba299c8f8bbd7d122a87b1', '2016-09-28 17:14:37'),
(385, 'Balaji', 'NATIONAL INSTITUTE OF TECHNOLOGY,TRICHY', 'balajirvp6@gmail.com', '7598146286', 'CSE', '4', '', '039c357e7ceb2eb2323800e9085f83db28b85679', '2016-09-28 17:59:29'),
(386, 'S.Dinesh Kumar', 'KCG College of Technology', 'dineshmersez007@gmail.com', '8939240130', 'CSE', '2', '', '2d515fe627cddaf2352bcd09bec7c0c93053a887', '2016-09-28 22:52:48'),
(387, 'GOPINATH C', 'SRI SAI RAM INSTITUTE OF TECHNOLOGY', 'gopinathakash46@gmail.com', '9677237969', 'IT', '4', '', 'e7b5bcfb0d11e502d6ded56ebfe578091149ff3b', '2016-09-29 00:58:39'),
(388, 'Haripriya ', 'JERUSALEM COLLEGE OF ENGINEERING', 'haripriya0897@gmail.com', '7871759510', 'CSE', '3', '', 'a72234a929d25af1262c676c40a3a7206bf6e527', '2016-09-29 04:59:21'),
(389, 'Avinash', 'JERUSALEM COLLEGE OF ENGINEERING', '96avinashr@gmail.com', '9677095718', 'CSE', '3', '', '055afc86bec9f0f159048b1d3138602bbd4a5ac9', '2016-09-29 05:02:07'),
(390, 'ashwin kumar', 'jerusalem college of engineering', 'sashwin96@yahoo.com', '9940193873', 'App', '0', '1', 'd206eb27af1882b52dda14f44b681b0f28fe3d2f', '2016-09-29 05:45:24'),
(391, 'gomathy', 'jerusalem college of engineering', 'komathij96@gmail.com', '9884679840', 'App', '0', '1', '2451d75c49dd533c0e91f5eb5d5f1e7b3e1d0a3a', '2016-09-29 06:07:53'),
(392, 'khishore kumar', 'jerusalem college of engineering', 'gbkishore96@gmail.com', '9790854992', 'App', '0', '1', 'ae9b99a5b061c1ca162ec48f130ecba06bdcdd2d', '2016-09-29 06:09:23'),
(393, 'divya b menon', 'jerusalem college of engineering', 'divyabalan97@gmail.com', '9962939798', 'App', '0', '1', '716dbbe615810438f2c27e9b47a33d596c8cd179', '2016-09-29 06:11:12'),
(394, 'bavishyaa', 'jerusalem college of engineering', 'rbavishyaa@gmail.com', '9791133796', 'App', '0', '1', '813fd2489a61d04916f4c8f1c12b9dcb850b74ef', '2016-09-29 06:14:04'),
(395, 'anitha', 'jerusalem college of engineering', 'anithak10697@gmail.com', '9176174174', 'App', '0', '1', '1ed6d09de8c98fde866fdc925db9f6bf55f09ebd', '2016-09-29 06:24:22'),
(396, 'Arunkumar.K', 'ssiet', 'arun3721@gmail.com', '9710691533', 'CSE', '3', '', 'fbd3b17c079c7b28ebac8eec4d31d5695ee2478e', '2016-09-29 08:59:47'),
(397, 'Priyanka.V', 'ssiet', 'shobhana.anjali@gmail.com', '8678914384', 'CSE', '4', '', 'b02fae30ad42a3feac171be794e9843691eb4bf1', '2016-09-29 09:00:52'),
(398, 's. bhanupriya', 'jerusalem college of engineering', 'bhanu140996@gmail.com', '9789716718', 'App', '0', '1', '2f7991adf516fda7e268b0207850d4d9b2a9bcd8', '2016-09-29 09:28:47'),
(399, 'ayshwariya', 'jerusalem college of engineering', 'ayshhu97@gmail.com', '9789039382', 'App', '0', '1', '1f8532dd78d326c50211bd2e76f6117059614b0d', '2016-09-29 09:31:34'),
(400, 's.elakkiya', 'jerusalem college of engineering', 'sservelakkiya@gmail.com', '9840496154', 'App', '0', '1', '55132ce296e598c119fa43cefd1244be15c8aa6b', '2016-09-29 09:33:48'),
(401, 'sanjay.R', 'MNM JAIN ENGINEERING COLLEGE ', 'sanjay.ravichandran1997@gmail.com', '9551794801', 'CSE', '2', '', '5febd4d69323261f5996330dd11d33ab7cbe7913', '2016-09-29 09:41:05'),
(402, 'Manikandan S', 'VELAMMAL ENGINEERING COLLEGE', 'praveenmanikandan007@gmail.com', '9944992506', 'CSE', '2', '', '196d6e72c1c1c85e91746b46b5123b27c80c8966', '2016-09-29 11:30:51'),
(403, 'ajay athitya', 'svce', 'ajayathitya@gmail.com', '9500185799', 'App', '0', '1', 'abccbf019216beba49548e04e1dda8405f9171d4', '2016-09-29 12:18:32'),
(404, 'dharini .b', 'rajalakshmi engineering  college', 'dharinibalaji97@gmail.com', '9962732044', 'App', '0', '1', '206325a2a77179fd8988ab12c6c41d06ebbcbefb', '2016-09-29 13:40:57'),
(405, 'malvika', 'ST.JOSEPH-S COLLEGE OF ENGINEERING', 'geethasivam9151@gmail.com', '9962830639', 'CSE', '2', '', 'f6a51c155d95861c35febb700cb661b34f4a85b5', '2016-09-29 13:44:00'),
(406, 'manimozhi', 'ST.JOSEPH-S COLLEGE OF ENGINEERING', 'manimozhimani97@gmail.com', '8056739559', 'CSE', '2', '', 'f6a51c155d95861c35febb700cb661b34f4a85b5', '2016-09-29 13:48:21'),
(407, 'G.Vijay', 'JERUSALEM COLLEGE OF ENGINEERING', 'vijay.rraj.05@gmail.com', '9840085730', 'CSE', '3', '', 'c4faab51799706d960ba299c8f8bbd7d122a87b1', '2016-09-29 14:39:35'),
(408, 'Sinduja', 'Sinduja', 'sinduja.nasa01@gmail.com', '9710818772', 'CSE', '2', '', '3481d9128dcf4f9c064f331aef4e1ac5d6238b9f', '2016-09-29 14:42:31'),
(409, 'Sharath.P', 'MISRIMAL NAVAJEE MUNOTH JAIN ENGINEERING COLLEGE', 'sharath9826@gmail.com', '9962764164', 'CSE', '2', '', '5d987ecf77686a20dcc84a8ec8c3e382a713f071', '2016-09-29 14:42:51'),
(410, 'R.Nivethitha', 'JERUSALEM COLLEGE OF ENGINEERING', 'ravichandrannivethitha@gmail.com', '9790850561', 'CSE', '3', '', '6f21270b211042d78cfd9d08ebf9696c639fc6ca', '2016-09-29 14:47:57'),
(411, 'Shiva Shankari B', 'MISRIMAL NAVAJEE MUNOTH JAIN ENGINEERING COLLEGE', 'shivashankari.b.1998@gmail.com', '8428348574', 'CSE', '2', '', '564641b00e08fd6f0855eb21539b33c78e902a57', '2016-09-29 14:48:06'),
(412, 'Rohith G Arvind', 'MISRIMAL NAVAJEE MUNOTH JAIN ENGINEERING COLLEGE', 'rohitharvind98@gmail.com', '9003953395', 'CSE', '2', '', '27e03d084b7e39d7ec76424564f81d273449e4f6', '2016-09-29 14:50:28'),
(413, 'NIVEDHA SATHYANARAYANAN', 'EASWARI ENGINEERING COLLEGE', 'nivedhasathya15@gmail.com', '8144211664', 'CSE', '1', '', 'e4bfd4883ae329931ef437a37e935b8bd0a9a377', '2016-09-29 14:58:37'),
(414, 'Sivaranjani', 'SAVEETHA ENGINEERING COLLEGE', 'sivaranjani6996@gmail.com', '9445102366', 'CSE', '3', '', 'ebb1aa78a77c65990e4fc7b89890e045a924f603', '2016-09-29 15:07:15'),
(415, 'Thanisha B', 'SRI SAIRAM ENGINEERING COLLEGE', 'abt.thanisha12@gmail.com', '9443274510', 'CSE', '3', '', 'a9fc816578d12224cc19bacf0fe3aeecaba29f65', '2016-09-29 15:10:38'),
(416, 'C.MERCY WENCESLA', 'SAVEETHA ENGINEERING COLLEGE', 'mwencesla@gmail.com', '9751782647', 'CSE', '3', '', '634b17c36791d0c3807b63d413285b642d7663d8', '2016-09-29 15:21:41'),
(417, 'Subramanian', 'SRI SAIRAM ENGINEERING COLLEGE', 'clawsonfire97@gmail.com', '8939144149', 'CSE', '2', '', '81bcdd853d1b1bb462cd33e63fd416abfd228059', '2016-09-29 16:31:07'),
(418, 'S SHRI SHRUTHI', 'COLLEGE OF ENGINEERING,GUINDY', 'shruthi0898@gmail.com', '9840702364', 'CSE', '2', '', '8d028ab2bc8235b3cfcf6d749f59e70060cc828a', '2016-09-29 16:44:56'),
(419, 'srinath r m ', 'VALLIAMMAI ENGINEERING COLLEGE', 'srin2godisgreat@gmail.com', '9840710348', 'CSE', '3', '', 'da7a4b1979c9f5024342a4f77e5d468adf497e44', '2016-09-29 17:23:32'),
(420, 'ravishaker iyer', 'VALLIAMMAI ENGINEERING COLLEGE', 'ravishankeriyer@yahoo.com', '9566139284', 'CSE', '1', '', '870aa135e856192ed63cd18e7a7bc410010300b5', '2016-09-29 17:26:41'),
(421, 'sivaraman', 'VALLIAMMAI ENGINEERING COLLEGE', 'srin_godisgreat@yahoo.com', '7845781002', 'CSE', '3', '', '870aa135e856192ed63cd18e7a7bc410010300b5', '2016-09-29 17:28:24'),
(422, 'srinivasan p', 'VALLIAMMAI ENGINEERING COLLEGE', 'srnivasan@gal.com', '9790879867', 'CSE', '3', '', '870aa135e856192ed63cd18e7a7bc410010300b5', '2016-09-29 17:31:08'),
(423, 'RAKESH', 'VALLIAMMAI ENGINEERING COLLEGE', 'rakeshkumar.t10@gmail.com', '9952715053', 'CSE', '3', '', '7adfc8da4b68247304b75255ada1c9542cd14c51', '2016-09-29 17:55:23'),
(424, 'sharani', 'sri sairam institute of technology', 'sharukalai95@gmail.com', '9940531865', 'CSE', '4', '', 'ee80bf7fc33f63bb8636753a0eabbdcbea3377c8', '2016-09-29 17:59:34'),
(425, 'Srinithi.g.k.', 'SRI SAI RAM INSTITUTE OF TECHNOLOGY', 'sharanikalaiyarasan@gmail.com', '9500001798', 'CSE', '4', '', 'd57c270bfda9a2acf876830b730e8ac514715ad4', '2016-09-29 18:04:21'),
(426, 'M POOJA', 'RAJALAKSHMI ENGINEERING COLLEGE', 'manimaranpooja@gmail.com', '9962498274', 'CSE', '2', '', '8d7158c93948034e729c9d4ef415a0e7f8e6e8ad', '2016-09-29 18:45:15'),
(427, 'Krishnamohan', 'JERUSALEM COLLEGE OF ENGINEERING', 'rookeykrish12@gmail.com', '7358163523', 'CSE', '3', '', '2d039d1171c1645a6b9698e582528c8b4d986c6b', '2016-09-30 04:17:39'),
(428, 'Harini.G', 'RAJALAKSHMI INSTITUTE OF TECHNOLOGY', 'harinigopal96@gmail.com', '8939055299', 'CSE', '3', '', '6376cb041d5da79393a81e9d352d3e6c0fb6ce06', '2016-09-30 04:18:38'),
(429, 'deepika', 'jerusalem college of engineering', 'deepika24796@gmail.com', '9940275096', 'App', '0', '1', '5bb5a10bcf25fa54e00516e9e9a8d6e8604c6789', '2016-09-30 04:24:11'),
(430, 'C.GAYATHRI', 'MEENAKSHI SUNDARARAJAN ENGINEERING COLLEGE', 'gayu.minnie@gmail.com', '8939734006', 'EEE', '3', '', '77c203b4fd78e2862e0440bc0621698e77b8544e', '2016-09-30 04:59:14'),
(431, 'Shrujitha', 'SRI VENKATESWARA COLLEGE OF ENGINEERING', 'shruji@gmail.com', '8754457711', 'CSE', '3', '', '7fe137a4ae5fc8f13b9b25f7224713f3e84e152c', '2016-09-30 06:18:00'),
(432, 'SURYA.M', 'RAJALAKSHMI INSTITUTE OF TECHNOLOGY', 'surimani18@gmail.com', '8015470719', 'CSE', '2', '', 'a7af187cde1ba1a42cbbbb8e264d2ca7988bc1d0', '2016-09-30 06:29:30'),
(433, 'SRINIVASAN.S', 'RAJALAKSHMI INSTITUTE OF TECHNOLOGY', 'srinivasansriram1998@gmail.com', '9094543397', 'CSE', '2', '', '7d372507428472c82610027392cb96056955f575', '2016-09-30 06:32:22'),
(434, 'SAKTHIVEL.A', 'RAJALAKSHMI INSTITUTE OF TECHNOLOGY', 'sakthivelanbalagan98@gmail.com', '9566044819', 'CSE', '2', '', 'bd3befb22aea2cb01b8efac91d65bb57956fc5f1', '2016-09-30 06:34:30'),
(435, 'yogarajan.m', 'RAJALAKSHMI INSTITUTE OF TECHNOLOGY', 'yogarajan22@gmail.com', '8760616027', 'CSE', '2', '', '6d964daf5929e89df47509027af15fc503702ee5', '2016-09-30 06:38:58'),
(436, 'SAKTHIVEL.A', 'RAJALAKSHMI INSTITUTE OF TECHNOLOGY', 'yogarajan7777@gmail.com', '8012003484', 'CSE', '2', '', '07f38bb5cce6b2d612d810abe0493dfd0b2a5a05', '2016-09-30 06:44:50'),
(437, 'M SATHISH KUMAR', 'RAJALAKSHMI INSTITUTE OF TECHNOLOGY', 'sathishkumarsda@gmail.com', '7358045699', 'CSE', '2', '', 'd9d655ec686a4bacf203a00646eeccd400d7660e', '2016-09-30 06:50:28'),
(438, 'dhiyaneswaran p.r', 'SRI SAI RAM INSTITUTE OF TECHNOLOGY', 'dhiyaneshtamil@gmail.com', '9159127686', 'CSE', '3', '', '33867c73dae3b6d86bb4dc20bef67ec86939587e', '2016-09-30 07:48:52'),
(439, 'PARTHIBAN NATARAJAN', 'MNM JAIN ENGG COLLEGE', 'partha.parthiban97@gmail.com', '8681003358', 'CSE', '2', '', '2d5ebb6f5102c84379df4134e17ab2918b1666f9', '2016-09-30 08:38:03'),
(440, 'sri sai virinchi', 'mnm jain engg college', 'saivirinchi1998@gmail.com', '7811935358', 'CSE', '2', '', '5b93c27f6331fd34122b1096a8f973912a4d0e3a', '2016-09-30 08:40:16'),
(441, 'rahul', 'mnm jain college', 'rahulram.98@gmail.com', '9940038204', 'CSE', '2', '', 'bbeef31d63881c5ac61089e877d082e165d0acd8', '2016-09-30 08:43:23'),
(442, 'vijayaganesh', 'mnm jain college', 'vijayaganesh99@gmail.com', '7667748689', 'CSE', '2', '', '9d0f350ac7106a6d317bfe66195f9afdcd41499c', '2016-09-30 08:52:00'),
(443, 'RIZWANA', 'SATHYABAMA UNIVERSITY', 'rizwana1561998@gmail.com', '9095408059', 'ECE', '2', '', '47084d51f287a0cddb282f3d31c557bee5ae9d8d', '2016-09-30 09:11:59'),
(444, 'swarnambigai .R', 'sathyabama university', 'SWARNAMBIGAI1998@GMAIL.COM', '9003654265', 'ECE', '2', '', '7535babb708bf35ecc48de436665ad7fb33e7d4b', '2016-09-30 09:14:09'),
(445, 'MOHANA BHARATHI.G', 'SATHYABAMA UNIVERSITY', 'gulphikalai@gmail.com', '8428666549', 'ECE', '2', '', '185c0c2002eca5f82b2fd19be9545e3e350b43bb', '2016-09-30 09:15:24'),
(446, 'PRIYA.T.S', 'sathyabama university', 'priya.tsivakumar@gmail.com', '9629811042', 'ECE', '2', '', 'eb9f716ad5494a1743cc089d895893d9df9da9cd', '2016-09-30 09:15:41'),
(447, 'chahat agarwal', 'rajalakshmi engineering college', 'chahatagarwal@ymail.com', '7200820674', 'App', '0', '1', '2abd8594a0d6cefead1f8a1c6e9479ae27a397ea', '2016-09-30 11:02:02'),
(448, 'gokul nc', 'panimalar engineering college', 'gokulnc97@gmail.com', '9003230674', 'App', '0', '1', '87e48b11fa546b4a29360e19f1c52c2aa7955a7c', '2016-09-30 11:29:35'),
(449, 'Akash', 'EASWARI ENGINEERING COLLEGE', 'noeljc.10@gmail.com', '9789074499', 'CSE', '2', '', 'f6a51c155d95861c35febb700cb661b34f4a85b5', '2016-09-30 11:30:04'),
(450, 'Dinesh kumar', 'SAVEETHA ENGINEERING COLLEGE', 'dineshkumar1997v@gmail.com', '7299149372', 'CSE', '3', '', '4d62ffcca03b773692baeef70ca4a45dfdeee6ce', '2016-09-30 11:49:35'),
(451, 'Selva Shobika.T', 'VALLIAMMAI ENGINEERING COLLEGE', 'shobi.thiru15@gmail.com', '8428307575', 'CSE', '3', '', 'cce102e4b9eee5c10cf4cd85f1c9630ccedae2f0', '2016-09-30 12:20:44'),
(452, 'shameer', 'sri sairam institute of technology', 'shameersheik1995@gmail.com', '9486749295', 'IT', '4', '', '2bda8fd0705ee4d7e9add2785a739338b971a34e', '2016-09-30 12:52:14'),
(453, 'dinesh kumar', 'eec', 'coutdinesh@gmail.com', '8428199780', 'CSE', '1', '', 'd95ec80c5acb0971d532ab159dba2850a379b924', '2016-09-30 12:58:28'),
(454, 'saranya.m', 'VALLIAMMAI ENGINEERING COLLEGE', 'saranyamani311996@gmail.com', '7639047443', 'CSE', '3', '', 'cb9a5be2fdad22d37eaf7f0c4c8b608d766c14b6', '2016-09-30 13:16:38'),
(455, 'Timothy Jones Thomas J', 'Madras Institute of Technology', 'jeyadosstimothy@gmail.com', '9677207736', 'CSE', '2', '', '83e2e638d6273fafb55bf107b684c92e4e238659', '2016-09-30 13:37:21'),
(456, 'Jagan Kumar', 'SRI SIVASUBRAMANIYA NADAR COLLEGE OF ENGINEERING', 'jagankumar1996@gmail.com', '7299692260', 'CSE', '3', '', '59582103b3fa6887bb56e8ed2aba3e5aaec61161', '2016-09-30 13:43:39'),
(457, 'Arjun Shrivatsa O B', 'Madras Institute Of Technology, Anna University', 'vignesh.shrivatsa5@gmail.com', '9080879220', 'CSE', '3', '', '6959414f46baf422521673e3ce1ea387d5185cc5', '2016-09-30 13:44:24'),
(458, 'Akshay Venkataramani', 'Madras Institute of Technology', 'akshayred@gmail.com', '8056027690', 'CSE', '2', '', '15ada09c29a446986432f546591007cb6e764557', '2016-09-30 13:45:20'),
(459, 'CHANDAN ', 'RAJALAKSHMI ENGINEERING COLLEGE', 'chandangk96@gmail.com', '9043415921', 'CSE', '3', '', 'f6a51c155d95861c35febb700cb661b34f4a85b5', '2016-09-30 13:48:15'),
(460, 'Pradeepa Ann', 'MIT', 'pradeepa.ann.2010@gmail.com', '7358547119', 'CSE', '2', '', 'f88de21dc8cdb5d3eec64f192bdecf712802009a', '2016-09-30 14:13:10'),
(461, 'Karthik Udhayakumar', 'SSN college of engineering', 'ukarthik27@gmail.com', '9940149615', 'CSE', '3', '', '0eb4e14e3a0af58fa4769fdad43ec79f52abfcdb', '2016-09-30 14:27:52'),
(462, 'KS SUPRIYA', 'SRI SAIRAM INSTITUTE OF TECHNOLOGY', 'supriya.ks1996@gmail.com', '9444886414', 'IT', '3', '', '1349f481db2f5ba008ce758c672322d7e5bad7aa', '2016-09-30 14:40:14'),
(463, 'c.swathi', 'S.A. ENGINEERING COLLEGE', 'swathisriswathisri18@gmail.com', '8428548649', 'CSE', '3', '', 'e34b760858ad1b988d23dab08c8ea24544a08d23', '2016-09-30 14:45:18'),
(464, 'U.SAVITHA', 'SAVEETHA ENGINEERING COLLEGE', 'savidharani2@gmail.com', '9841970797', 'CSE', '3', '', '71258b79738e783a6859356bf1a6404e38da0d65', '2016-09-30 15:00:32'),
(465, 'VAISHALI.M', 'SAVEETHA ENGINEERING COLLEGE', 'vaism96@gmail.com', '9884352584', 'CSE', '3', '', 'ac95935f9a306bee0d2a0283128c59f2fd731300', '2016-09-30 15:01:53'),
(466, 'Narmadha', 'ST.JOSEPH-S COLLEGE OF ENGINEERING', 'mnarmadha98@gmail.com', '8056102877', 'CSE', '2', '', '9b0f49c891396f3948b52c4a21f7216a0bca690b', '2016-09-30 15:02:27'),
(467, 'kirthiga', 'ST.JOSEPH-S COLLEGE OF ENGINEERING', 'kirthi013@gmail.com', '9176179998', 'CSE', '2', '', 'd403c49eef075fa84b69ddbbe6d2d5f93d0b63d6', '2016-09-30 15:04:35'),
(468, 'varsha', 'sri sai ram engineering college', 'varshaaero227@gmail.com', '8939202234', 'CSE', '3', '', 'd20bbc0e74dff2e377cc6d8373e36f1bc001ff8d', '2016-09-30 15:57:36'),
(469, 'sivakumar', 'RAJALAKSHMI ENGINEERING COLLEGE', 'siva199708@gmail.com', '9710143640', 'CSE', '3', '', 'e6d3b3f43180cbfa1ecfd011e475c7c0fb5a7311', '2016-09-30 16:52:39'),
(470, 'Paritala Latheesh', 'GRT INSTITUTE OF ENGINEERING AND TECHNOLOGY', 'paritalalatheesh1997@gmail.com', '8220087894', 'CSE', '3', '', '7306bae43dac80085bf7a806e9f13688ea7f0be8', '2016-09-30 17:22:30'),
(471, 'manishkumar', 'GRT INSTITUTE OF ENGINEERING AND TECHNOLOGY', 'manishbhagat44@gmail.com', '9787977133', 'CSE', '3', '', 'e9bd0d2f08fe6c1e8183d8fd72f9d889bc1d8e66', '2016-09-30 18:11:52'),
(472, 'sathish', 'Sree Vidyanikethan Engineering College', 'viratsathish1@gmail.com', '9618595064', 'CSE', '3', '', '781ef2c3e5fbf25dcdf9d78ca2ad7c2c60fe3b52', '2016-09-30 19:29:09'),
(473, 'Infant Sam Christian ', 'KCG college of technology ', 'misc.samchris@gmail.com', '9789088999', 'CSE', '2', '', '689c4161775b19df9b9c230f5fe9cf4159694f1a', '2016-10-01 02:43:52');

--
-- Indexes for dumped tables
--

--
-- Indexes for table `bus_schedule`
--
ALTER TABLE `bus_schedule`
  ADD PRIMARY KEY (`id`);

--
-- Indexes for table `online_coding`
--
ALTER TABLE `online_coding`
  ADD PRIMARY KEY (`id`,`user_id`);

--
-- Indexes for table `online_coding_round1`
--
ALTER TABLE `online_coding_round1`
  ADD PRIMARY KEY (`id`,`user_id`);

--
-- Indexes for table `questions`
--
ALTER TABLE `questions`
  ADD PRIMARY KEY (`id`);

--
-- Indexes for table `registration`
--
ALTER TABLE `registration`
  ADD PRIMARY KEY (`userid`);

--
-- Indexes for table `round_one`
--
ALTER TABLE `round_one`
  ADD PRIMARY KEY (`id`);

--
-- Indexes for table `stoppings`
--
ALTER TABLE `stoppings`
  ADD PRIMARY KEY (`id`);

--
-- Indexes for table `users`
--
ALTER TABLE `users`
  ADD PRIMARY KEY (`id`),
  ADD UNIQUE KEY `email_id` (`email_id`);

--
-- AUTO_INCREMENT for dumped tables
--

--
-- AUTO_INCREMENT for table `online_coding`
--
ALTER TABLE `online_coding`
  MODIFY `id` int(11) NOT NULL AUTO_INCREMENT, AUTO_INCREMENT=83;
--
-- AUTO_INCREMENT for table `online_coding_round1`
--
ALTER TABLE `online_coding_round1`
  MODIFY `id` int(11) NOT NULL AUTO_INCREMENT, AUTO_INCREMENT=105;
--
-- AUTO_INCREMENT for table `questions`
--
ALTER TABLE `questions`
  MODIFY `id` int(11) NOT NULL AUTO_INCREMENT, AUTO_INCREMENT=6;
--
-- AUTO_INCREMENT for table `registration`
--
ALTER TABLE `registration`
  MODIFY `userid` int(11) NOT NULL AUTO_INCREMENT, AUTO_INCREMENT=9;
--
-- AUTO_INCREMENT for table `users`
--
ALTER TABLE `users`
  MODIFY `id` int(5) NOT NULL AUTO_INCREMENT, AUTO_INCREMENT=474;
/*!40101 SET CHARACTER_SET_CLIENT=@OLD_CHARACTER_SET_CLIENT */;
/*!40101 SET CHARACTER_SET_RESULTS=@OLD_CHARACTER_SET_RESULTS */;
/*!40101 SET COLLATION_CONNECTION=@OLD_COLLATION_CONNECTION */;
